 MeshVersionFormatted 2
 Dimension
 3
 Vertices
 1827
                  200                         0                         0      2
                  800                         0                         0      3
                  800                         0                       800      4
                  200                         0                       800      5
      177.09120513064           92.944634408754                         0      2
      113.61294934623           164.59677317873                         0      2
      24.107336051065           198.54177481961                         0      2
     -70.920977408507           187.00324853708                         0      2
     -149.70214963422           132.62453164816                         0      2
     -194.18836348521           47.863132857512                         0      2
     -194.18836348521          -47.863132857511                         0      2
     -149.70214963422          -132.62453164816                         0      2
     -70.920977408507          -187.00324853708                         0      2
      24.107336051064          -198.54177481961                         0      2
      113.61294934623          -164.59677317873                         0      2
      177.09120513064          -92.944634408754                         0      2
      793.93640773755           98.310632531771                         0      3
      775.83754882801            195.1309760867                         0      3
      745.97778352348           288.99333294972                         0      3
      704.80975542863           378.47484546881                         0      3
      652.95752988498            462.2190651266                         0      3
      591.20713377653           538.95651491725                         0      3
      520.49464016339           607.52393332377                         0      3
       441.8919783684            666.8819081769                         0      3
      356.59068462123           716.13063308405                         0      3
      265.88383958373           754.52354757702                         0      3
       171.1464665652           781.47865420768                         0      3
      73.814687570642           796.58734103603                         0      3
     -24.636046844936           799.62057577069                         0      3
     -122.71332390295           790.53237766501                         0      3
     -218.93039205767           769.46051453826                         0      3
     -311.82869863414           736.72441435596                         0      3
                 -400           692.82032302755                         0      3
     -482.10770910341           638.41378182419                         0      3
     -556.90715677034           574.32953845155                         0      3
     -623.26445962054           501.53904471529                         0      3
     -680.17370858369           421.14573030188                         0      3
     -726.77221745562           334.36827590943                         0      3
     -762.35360034173           242.52213929043                         0      3
     -786.37847974712           146.99961425326                         0      3
     -798.48266298964           49.248724907154                         0      3
     -798.48266298964          -49.248724907154                         0      3
     -786.37847974712          -146.99961425326                         0      3
     -762.35360034173          -242.52213929043                         0      3
     -726.77221745562          -334.36827590943                         0      3
     -680.17370858369          -421.14573030188                         0      3
     -623.26445962054          -501.53904471529                         0      3
     -556.90715677034          -574.32953845155                         0      3
     -482.10770910341          -638.41378182419                         0      3
                 -400          -692.82032302755                         0      3
     -311.82869863414          -736.72441435596                         0      3
     -218.93039205767          -769.46051453826                         0      3
     -122.71332390295          -790.53237766501                         0      3
     -24.636046844936          -799.62057577069                         0      3
      73.814687570641          -796.58734103603                         0      3
       171.1464665652          -781.47865420768                         0      3
      265.88383958373          -754.52354757702                         0      3
      356.59068462123          -716.13063308405                         0      3
       441.8919783684           -666.8819081769                         0      3
      520.49464016339          -607.52393332377                         0      3
      591.20713377653          -538.95651491725                         0      3
      652.95752988498           -462.2190651266                         0      3
      704.80975542863          -378.47484546881                         0      3
      745.97778352348          -288.99333294972                         0      3
      775.83754882801           -195.1309760867                         0      3
      793.93640773755          -98.310632531771                         0      3
                  800                         0                       100      4
                  800                         0                       200      4
                  800                         0                       300      4
                  800                         0                       400      4
                  800                         0                       500      4
                  800                         0                       600      4
                  800                         0                       700      4
      793.93640773755           98.310632531771                       800      5
      775.83754882801            195.1309760867                       800      5
      745.97778352348           288.99333294972                       800      5
      704.80975542863           378.47484546881                       800      5
      652.95752988498            462.2190651266                       800      5
      591.20713377653           538.95651491725                       800      5
      520.49464016339           607.52393332377                       800      5
       441.8919783684            666.8819081769                       800      5
      356.59068462123           716.13063308405                       800      5
      265.88383958373           754.52354757702                       800      5
       171.1464665652           781.47865420768                       800      5
      73.814687570642           796.58734103603                       800      5
     -24.636046844936           799.62057577069                       800      5
     -122.71332390295           790.53237766501                       800      5
     -218.93039205767           769.46051453826                       800      5
     -311.82869863414           736.72441435596                       800      5
                 -400           692.82032302755                       800      5
     -482.10770910341           638.41378182419                       800      5
     -556.90715677034           574.32953845155                       800      5
     -623.26445962054           501.53904471529                       800      5
     -680.17370858369           421.14573030188                       800      5
     -726.77221745562           334.36827590943                       800      5
     -762.35360034173           242.52213929043                       800      5
     -786.37847974712           146.99961425326                       800      5
     -798.48266298964           49.248724907154                       800      5
     -798.48266298964          -49.248724907154                       800      5
     -786.37847974712          -146.99961425326                       800      5
     -762.35360034173          -242.52213929043                       800      5
     -726.77221745562          -334.36827590943                       800      5
     -680.17370858369          -421.14573030188                       800      5
     -623.26445962054          -501.53904471529                       800      5
     -556.90715677034          -574.32953845155                       800      5
     -482.10770910341          -638.41378182419                       800      5
                 -400          -692.82032302755                       800      5
     -311.82869863414          -736.72441435596                       800      5
     -218.93039205767          -769.46051453826                       800      5
     -122.71332390295          -790.53237766501                       800      5
     -24.636046844936          -799.62057577069                       800      5
      73.814687570641          -796.58734103603                       800      5
       171.1464665652          -781.47865420768                       800      5
      265.88383958373          -754.52354757702                       800      5
      356.59068462123          -716.13063308405                       800      5
       441.8919783684           -666.8819081769                       800      5
      520.49464016339          -607.52393332377                       800      5
      591.20713377653          -538.95651491725                       800      5
      652.95752988498           -462.2190651266                       800      5
      704.80975542863          -378.47484546881                       800      5
      745.97778352348          -288.99333294972                       800      5
      775.83754882801           -195.1309760867                       800      5
      793.93640773755          -98.310632531771                       800      5
                  200                         0                       100      6
                  200                         0                       200      6
                  200                         0                       300      6
                  200                         0                       400      6
                  200                         0                       500      6
                  200                         0                       600      6
                  200                         0                       700      6
      177.09120513064           92.944634408754                       800      7
      113.61294934623           164.59677317873                       800      7
      24.107336051065           198.54177481961                       800      7
     -70.920977408507           187.00324853708                       800      7
     -149.70214963422           132.62453164816                       800      7
     -194.18836348521           47.863132857512                       800      7
     -194.18836348521          -47.863132857511                       800      7
     -149.70214963422          -132.62453164816                       800      7
     -70.920977408507          -187.00324853708                       800      7
      24.107336051064          -198.54177481961                       800      7
      113.61294934623          -164.59677317873                       800      7
      177.09120513064          -92.944634408754                       800      7
     -277.08974140384       2.0555354076412E-13                         0      1
     -157.24399924339          -228.75182026826                         0      1
      -175.5398134744           215.26169585841                         0      1
      87.694688088479          -263.13298312458                         0      1
      97.736169551354           254.59847541506                         0      1
      269.64103172733          -65.906465688251                         0      1
      606.35902101305           375.44161073414                         0      1
     -635.04569978345          -337.28967533948                         0      1
     -632.89986403503           334.87281972368                         0      1
     -61.322587260301          -702.04668773073                         0      1
     -76.521223520612           717.20156730205                         0      1
      565.32395307671          -444.16254673158                         0      1
      695.39953439311           130.85464895682                         0      1
      423.50694167443           567.56758662015                         0      1
      373.93669134791          -624.03665684197                         0      1
     -311.10871221967          -656.92735405682                         0      1
     -323.76258250396           633.18903691256                         0      1
     -707.77581795213          -87.641639400126                         0      1
      188.30047505256           674.32270546234                         0      1
      679.62048067329          -216.20283921345                         0      1
     -714.82963798374           82.959062518766                         0      1
     -461.75675457152           -541.7453917423                         0      1
     -453.43616926095           533.37987793148                         0      1
      195.10090269526          -688.57006861225                         0      1
      710.29347840775          -35.380987970217                         0      1
      292.06056345578           26.751146710461                         0      1
       279.3892297458            128.6645162504                         0      1
      361.63522687117          -39.585816617271                         0      1
      338.95892380573          -132.64236968192                         0      1
      431.21509553994          -106.49750520732                         0      1
      407.90642418264          -200.34283812117                         0      1
      454.38922474997          -12.616319230971                         0      1
     -81.049230606168           -286.6387861794                         0      1
     -166.10555932994          -328.41132264814                         0      1
     -244.37649178132          -270.60793431537                         0      1
     -86.111946910613          -378.61943121575                         0      1
     -255.09375745255          -375.34452267045                         0      1
     -332.52461316775          -312.67628688193                         0      1
     -19.029248736521            277.5623511802                         0      1
       46.53169338478           353.53532682752                         0      1
     -51.364560520205           373.78961560163                         0      1
      143.89553908629           344.71438112699                         0      1
      13.002543029383           442.95691229245                         0      1
     -77.757560891412           466.38002302833                         0      1
     -240.38635969502           145.67499756335                         0      1
      -266.6300338272            236.2818991894                         0      1
     -337.35727374228            170.1995236527                         0      1
     -357.09714996828           262.42859282627                         0      1
     -429.16425113757           197.71657218792                         0      1
     -285.81276941339           327.98693247061                         0      1
      320.35635487935          -227.62014126797                         0      1
       385.3051645079          -294.52480059469                         0      1
      297.08150010626          -322.44836227105                         0      1
     -326.55628630904          -219.30322967009                         0      1
     -412.16117613473          -256.24730814301                         0      1
     -406.88801897332          -163.53696378581                         0      1
      362.03903354176          -388.84976270874                         0      1
      268.68775805642           -415.5486939121                         0      1
     -492.02267923477          -200.64115448989                         0      1
     -481.76410109415          -108.26615329593                         0      1
      477.78397120725          -267.76782755928                         0      1
      -409.4447874747           106.26501932242                         0      1
     -501.38368773029           132.83898145778                         0      1
     -378.58480434558           356.74709669246                         0      1
     -310.14000131109           422.20123960575                         0      1
     -419.79057383076          -351.57315292104                         0      1
       523.8570262781          -79.676807556734                         0      1
      547.24085350419           14.491039817027                         0      1
      475.51482288418           97.986067152129                         0      1
     -14.341426979907           534.67775630531                         0      1
      78.739274738402           513.98865794773                         0      1
     -104.50909478405           557.35130953175                         0      1
       50.17597944508           603.74469796082                         0      1
      194.94340817861           267.21084521548                         0      1
      238.64130963666           349.75020002214                         0      1
      295.50790151987           275.68812870189                         0      1
      331.72766256225           357.27914715167                         0      1
      388.28315243734           279.18052879541                         0      1
      270.63355264391           445.13135006633                         0      1
      426.93260623294           375.24795774451                         0      1
      480.00244768743           284.17820655974                         0      1
     -139.96368424803           388.88461417074                         0      1
     -519.64514249256           225.77286005086                         0      1
     -567.46209808707          -145.46881540208                         0      1
     -549.66227931726          -38.437135075551                         0      1
     -586.78705365195            162.7211844397                         0      1
      209.32961468727          -350.69464566954                         0      1
      176.16447741262          -442.43232880326                         0      1
      243.03776649686          -505.05835607731                         0      1
         149.30269402          -534.20417914585                         0      1
      81.468066033343          -471.06794965542                         0      1
      55.735522955769          -562.65700124476                         0      1
     -12.517937644088          -497.61617123605                         0      1
     -398.15462874554          -73.844030185609                         0      1
      585.49028434142           113.14250335498                         0      1
     0.98860649740016          -337.15039817043                         0      1
      182.55051674704          -217.62814034795                         0      1
     -270.77480657142          -94.677854923114                         0      1
     -37.240866670169          -592.79172359033                         0      1
     -105.73389006711          -526.71518543482                         0      1
      -130.9467209219          -616.60079464179                         0      1
      -198.4152838391          -546.48649967466                         0      1
      32.709533373857          -657.30303154625                         0      1
      442.00800900287           197.93684194443                         0      1
     -480.24346348924           42.909998658386                         0      1
     -165.41638079121          -441.18801462403                         0      1
     -267.97885074635          -473.29534031478                         0      1
      146.91955375896           583.51841747921                         0      1
      174.56404449527           490.04545699038                         0      1
      243.79256793655           574.42626960634                         0      1
      642.57111334933           39.990102060914                         0      1
       621.6169850137           203.47344825261                         0      1
     -400.44624934259           451.33582195492                         0      1
     -466.94321010322           381.06648896859                         0      1
      -339.0995073523           526.17741568297                         0      1
     -252.85425854195           497.84822565058                         0      1
     -583.62119988011          -253.28182188528                         0      1
     -669.27934218914          -178.92712229865                         0      1
      338.64743246068           518.75527009299                         0      1
      345.72280587079           620.56498484148                         0      1
      421.81761753093            472.8190713416                         0      1
     -343.88419867126          -409.87702334454                         0      1
     -364.66051523377           -505.4444921051                         0      1
      104.58107236812           -367.3448103572                         0      1
      336.21081829883          -477.24873500027                         0      1
      423.48930150928          -452.08296227842                         0      1
      376.75095928557           55.600517627147                         0      1
     -567.80901690737           67.801359896853                         0      1
     -650.14939360052           4.0823371855645                         0      1
     -499.34418321637          -296.14174842374                         0      1
     -507.05807818534          -391.80843862718                         0      1
      500.64396773864            -173.672993548                         0      1
      573.62587182603          -240.86037714214                         0      1
      545.82048465695          -346.58343394944                         0      1
      447.58879921008          -361.76662052651                         0      1
      593.25850626895          -147.00040067694                         0      1
      -448.6460004358           290.88577275824                         0      1
      616.21810339091          -55.784577931488                         0      1
      644.34633682245          -309.46731162613                         0      1
      345.29710047771            203.0079570207                         0      1
     -221.49850314382          -631.87708711789                         0      1
      251.78747374781           -159.9022935476                         0      1
     -237.66415215476          -178.46378724137                         0      1
      127.05867717365          -626.16454369063                         0      1
     -539.96834209127           315.88614873125                         0      1
     -564.10823755945           414.66150086433                         0      1
      502.63759105083           511.99715792885                         0      1
      217.39074047955           -596.1296624249                         0      1
     -42.521234256864           630.60796995764                         0      1
     -134.60114292754           646.88571857363                         0      1
     -191.61314761442           573.91959794713                         0      1
     -230.95434432774           664.96876412147                         0      1
     -115.82635236828           302.57372268648                         0      1
     -307.23068509706            81.97194368853                         0      1
     -438.71833167822           -448.0518635494                         0      1
     -167.34969305826          -702.70647920318                         0      1
      531.40043409741           192.74536084613                         0      1
      201.00064899531           178.87224163138                         0      1
      397.38553196035          -537.92162920436                         0      1
      492.00446889325          -517.82546758031                         0      1
      107.13261907271           426.29617212809                         0      1
     -607.09950063482           250.95327905693                         0      1
     -682.14812154146           184.43913400355                         0      1
      690.63986516614          -125.34802455259                         0      1
     -391.74441012163          -601.59700969944                         0      1
                 -400           603.66056939003                         0      1
      286.08005998265          -655.88158123111                         0      1
       658.3660403632           294.19518629466                         0      1
      113.40185799533           724.19890589397                         0      1
      29.308738010403           702.39306589634                         0      1
      -529.9643801376          -479.43334881755                         0      1
      520.28531776092           367.04004456065                         0      1
     -588.65015080579          -411.87328699833                         0      1
      103.75088680275          -714.34593049323                         0      1
     -203.97455237408           302.65204685791                         0      1
      563.32341938293           450.69192282465                         0      1
      569.67170765595           286.17897620799                         0      1
      727.64067766038           45.811091426457                         0      1
     -533.88862476997           496.05090848374                         0      1
     -380.23306349995           10.931883547754                         0      1
      617.89689741575           -386.3378330853                         0      1
     -285.69809081304          -564.14768470145                         0      1
     -675.45310558993          -267.92750874169                         0      1
     -224.79947500996           405.47927304511                         0      1
      10.686316366929          -417.76913279505                         0      1
     -733.94403510313         -0.12004793915908                         0      1
      699.99206451289           222.68350657215                         0      1
      -165.2495368483           481.64384056227                         0      1
      383.79202427923           136.63917999896                         0      1
      186.97341298697           411.18751206679                         0      1
     -628.86578622922          -89.278474998169                         0      1
      22.675053437913          -735.97194386655                         0      1
      309.00693476103          -566.04610346332                         0      1
     -157.27946152276            719.2285538385                         0      1
     -682.25466080173            269.4311295968                         0      1
      488.59537920877           436.45385084581                         0      1
     -267.65676806807           579.22060806294                         0      1
     -71.818767809219          -452.38158706114                         0      1
      357.23460054121           433.33692668649                         0      1
      277.15783334168            671.3178033583                         0      1
     -7.7407699658528          -259.38414395484                         0      1
      269.07762215387           204.17421493395                         0      1
     -458.01150722923           -33.34108727019                         0      1
      247.20127987579          -261.05355652468                         0      1
     -332.97664555015          -141.92184402693                         0      1
     -638.65076943368           102.25105948182                         0      1
     -559.63400905988          -339.03139748769                         0      1
     -476.11390733268            455.9635087303                         0      1
      107.28584223296           653.96551419985                         0      1
      447.72030131761          -593.57839789038                         0      1
      160.82101456923          -288.99469317253                         0      1
     -329.58061580994          -54.019450033773                         0      1
     -246.14319982271          -699.53916985442                         0      1
      492.07114180318          -421.75232459014                         0      1
      237.13524958306           62.090074342404                         0      1
     -356.62848194753          -716.11181100705           85.264490038685      2
      311.84379530439          -736.71802430113           714.72454895997      2
      556.90368480383          -574.33290507503            85.29772705728      2
     -652.95752988498            462.2190651266           85.287797505497      2
                 -800       9.7971743931788E-14           85.287797505497      2
     -704.80344153994          -378.48660318887           85.277769268224      2
     -73.814687570642          -796.58734103603           85.287797505497      2
       482.1157039261           638.40774433574           85.270834990613      2
     -73.814687570642           796.58734103603            714.7122024945      2
      218.91887024136           769.46379268439           85.278807150526      2
      -441.8919783684            666.8819081769           85.287797505497      2
      680.17370858369           421.14573030188           85.287797505497      2
      680.17370858369          -421.14573030189            714.7122024945      2
     -520.49464016339          -607.52393332377            714.7122024945      2
     -775.83754882801            195.1309760867            714.7122024945      2
      -775.8457932767          -195.09819336642           714.73602265024      2
     -271.35724899499          -752.57241739109           716.74714525435      2
      221.25418571148          -768.79554193891           82.493736128829      2
      24.636046844936          -799.62057577069            714.7122024945      2
     -591.20713377653           538.95651491725            714.7122024945      2
     -171.17319688465           781.47279969829           85.372426693834      2
      400.01513108312           692.81158687233           714.72536930769      2
     -356.59068462123           716.13063308405            714.7122024945      2
       623.2640321495           501.53957593469            714.7164642105      2
             795.3125          -86.475588137636                       350      2
      793.86976582066            98.84733135422           459.39634027807      2
      726.77221745562          -334.36827590943           85.287797505497      2
             795.3125          -86.475588137635                       550      2
             795.3125           86.475588137636                       250      2
       482.1077091034          -638.41378182419            714.7122024945      2
     -652.95752988498           -462.2190651266            714.7122024945      2
                 -800       9.7971743931788E-14            714.7122024945      2
      24.637389806076           799.62053439337           85.282109995638      2
                  400          -692.82032302755           85.287797505497      2
      218.90888162004           769.46663446043           714.73603474421      2
       -775.845464171          -195.09950211441           85.261250214649      2
     -775.83754882801            195.1309760867           85.287797505497      2
     -591.20796751586          -538.95560034735           85.282482609437      2
      725.95957777509           336.12898035816           714.71978018079      2
     -704.80975542863           378.47484546881            714.7122024945      2
      762.35360034173          -242.52213929044            714.7122024945      2
      762.35360034173           242.52213929043           85.287797505497      2
      795.31250000001          -86.475588137549                       150      2
      795.38533118432           85.803117290758           648.92488246086      2
      795.32001843599          -86.406413390316           250.12034339253      2
      781.38049341783          -171.59406897126           299.97948620438      2
      781.36096273412          -171.68298085487           399.51520912916      2
      758.42657523864          -254.53708957987           349.71171677321      2
      758.36178069841          -254.73007198983           448.92955442046      2
      726.76596919776          -334.38185658919           399.22645851527      2
      726.67434364218          -334.58092936121            498.2930520415      2
      686.77240517487          -410.29704299486           448.64739117201      2
      686.56037821625          -410.65173451912            348.9390419939      2
      639.06596824057          -481.24285785531           399.16661583652      2
      638.98297110458          -481.35305404491           497.92218225539      2
      584.03848815662          -546.71660332547            448.4839535886      2
      584.08714165307          -546.66462383763           349.80546308854      2
      522.44311831915          -605.84914634004           399.09370364347      2
       522.4751425351          -605.82152935739            300.4758401644      2
      454.91710828667           -658.0656689025           349.75442744201      2
      454.87207071363          -658.09680084673           448.33257080026      2
      382.19330297428          -702.80031243705           398.98500488131      2
      382.24698902408          -702.77111450459            300.4367355268      2
      305.18890883686          -739.49964835892            349.6599906003      2
      305.12581093799          -739.52568548999           448.18926206068      2
      224.66581370897          -767.80549109165           398.86847715046      2
      224.59853769628          -767.82517337262           497.38879242908      2
      141.58686702494          -787.37104282928           448.07078151271      2
      141.65257613319          -787.35922403616           349.55490962524      2
      56.969049429693          -797.96900153269            398.7551500472      2
      57.034459427355          -797.96432905101           300.24726098699      2
     -28.291986636951          -799.49957066413           349.44459213995      2
     -28.357850927952           -799.4972372002           447.94906873938      2
     -113.29508474123          -791.93700745291           398.63933988981      2
     -113.36164217112           -791.9274828444           497.14118584543      2
     -197.00813629805          -775.36300803712           447.83288718512      2
      -196.9463940313          -775.37869320614           349.33233000685      2
     -278.41723991816          -749.98922693353           398.52678032503      2
     -278.47797981326          -749.96667576575           497.02544090894      2
      -356.7197014825          -716.06637581598           447.71846224454      2
     -356.66048048429          -716.09587462903           349.22016120896      2
     -430.90781118212          -674.03149649125           398.41179140859      2
     -430.85248859484          -674.06686098015            299.9133716608      2
     -500.20063407022          -624.33911112131           349.10565815687      2
     -500.25209872593          -624.29787579352           447.60386791334      2
     -563.85735677566          -567.50760453933           398.29779549662      2
     -563.90409349529          -567.46116460887           496.79579255481      2
      -621.0980707497          -504.21938331544           447.48892831385      2
     -621.05873122166          -504.26783793272           348.99191299185      2
     -671.23723837459          -435.24771087192           398.18510777616      2
     -356.77858865429          -716.03703722493           546.21718187071      2
     -671.27135604305           -435.1950902252           496.68170058371      2
     -713.77867515044          -361.27552214409           447.37619864022      2
     -713.74924590916          -361.33366015929           348.87911455992      2
     -748.17649642241          -283.25241428995            398.0701170574      2
     -713.80856498882          -361.21646217829           545.87245257879      2
     -748.15318996302          -283.31396779571           299.57255169431      2
     -774.07440317229          -202.01192626541           348.76441584937      2
     -774.09102719213          -201.94821519546           447.26194432956      2
     -791.18818140324          -118.41140826728           397.95626064402      2
     -791.19792222513          -118.34630482883           496.45375719683      2
     -799.29978808404          -33.464141537025           447.14719598329      2
     -799.29705174021          -33.529436013906           348.65051296527      2
     -798.32127898033           51.798991565513           397.84241554029      2
     -798.24119915156           53.018751183658           495.71510159348      2
     -788.19004490977           136.95420075755           446.59332809892      2
     -788.22188976063           136.77080281324           348.92898113559      2
     -769.24226201756           219.69602255413           397.71659806816      2
     -769.21835827489           219.77970173081           495.93091369051      2
     -741.47869171989           300.34871354038           446.92037488436      2
     -741.49994987856           300.29622763215           348.42004885597      2
      -705.2995841824           377.56124874268           397.61473262953      2
     -705.32948347597             377.505390345           299.11635623798      2
     -661.10777842954           450.48474480271           348.30913543223      2
     -660.79436239012           450.94435425386           449.33087740972      2
     -608.23928823819           519.65851118162             399.096156632      2
     -609.29349477625           518.42206475356           299.16452300222      2
     -550.73278207374           580.25287827749           348.19524759072      2
     -548.64280109575           582.22940221687           447.88689378275      2
     -485.53350837248           635.81224606601           397.33990344264      2
     -482.63869305644           638.01245439628           497.46917141232      2
     -414.91798019534           683.99054796877           446.51897044165      2
     -415.25547430052           683.78570551266           348.04576396524      2
      -340.0017591171            724.1538536784           397.23904900487      2
     -340.19572602859           724.06275141861           298.75767126573      2
      -261.1092696948           756.18909624475           347.95209351926      2
     -261.05098812422           756.20921813964           446.48016164562      2
     -179.16806755475           779.67865404197           397.15934756023      2
      -179.0770192027           779.69957111279            495.6643202566      2
     -95.097774342664           794.32764859035           446.35038485054      2
       -95.1657089827           794.31951243427           347.85363526714      2
     -10.016041250619           799.93729686624             397.045235253      2
     -9.9530985218168           799.93808249752            495.5430248789      2
      75.245951163788            796.4534178679           446.23735508659      2
       75.18073634548           796.45957642717           347.73977655533      2
       159.5884645878           783.92060948192           396.93168172015      2
      159.65283329312           783.90750272049           495.42908338422      2
      242.18044399775           762.46221712623           446.12344639732      2
       242.1177299966           762.48213409974           347.62601456394      2
      321.95628107342           732.35520963353           396.81692649153      2
      321.89644384182           732.38151222023           298.32029111995      2
      398.07545927278           693.92789879408           347.51217242292      2
      398.13077015894           693.89616647785           446.00955601808      2
      469.72324089786           647.58017029585           396.70134321148      2
      470.89668392572           646.72738697829           492.96767468545      2
      536.03028166338           593.86154711337           445.89575421287      2
      535.98478595683           593.90260920694           347.37227864523      2
       596.2317603477           533.39262082699           396.58950313789      2
      596.16579164925           533.46635214156           298.01026161608      2
      649.68686654569           466.80507220685           347.27056613044      2
      649.70408063926           466.78111315765           446.01422177181      2
      695.84752462337           394.71030196276           396.62673457197      2
      695.82778056645           394.74510736926           297.68970262155      2
      731.92098477018           322.94221163089           348.56501341786      2
      733.90549872401           318.40653093594           446.31036807473      2
      583.98719926182          -546.77138833185           547.14335031344      2
     -550.78052185846           580.20756349889           249.69781734726      2
       546.6548769963           584.09626386081           547.43807768582      2
     -497.85559376855          -626.21067361821           250.55102533634      2
       126.4562092539          -789.94229355133           550.37251320693      2
     -261.06732802668           756.20357724426           544.96205473151      2
     -741.52646638148           300.23074402165           249.92541219188      2
      397.16005017325           694.45222625202           250.60928070724      2
     -741.45397639309           300.40972169835           545.41781368291      2
      305.24506505455          -739.47647038959           251.13504959822      2
     -260.34967783388           756.45095363268           251.01576696378      2
      584.07845677583          -546.67390309979           251.18618861256      2
      758.40512037803          -254.60100821556           250.34438389614      2
      242.83979820394           762.25247287777           543.56315589845      2
      141.71184470902           -787.3485588157           251.04770833345      2
     -499.79456882474          -624.66422098059           545.00981709677      2
     -415.27066555663           683.77647980034           545.07626054004      2
     -489.18228495992           633.00923538397           593.50441407719      2
      731.61522497263           323.63430378784           246.86370633646      2
      535.35979110872           594.46605795791           250.07846640757      2
       593.6833127889            536.2276793639           187.26657825142      2
      402.61662232302           691.30301274419           546.54415802928      2
      -28.42695048929          -799.49478327621            546.4508593062      2
     -113.42811470322          -791.91796468755           595.64211150801      2
      57.097572856646          -797.95981551321           201.74264839739      2
       -773.907217987          -202.65146914745            544.4398322705      2
       313.0021365573          -736.22663800664           549.46101121047      2
     -355.78051044759          -716.53348029639           252.24787960091      2
      757.93670567478          -255.99209009433           546.76012440588      2
      -773.8306622754            -202.943603305           251.76388935603      2
     -706.10524576449          -376.05236590648           246.85331975244      2
     -414.80223351843           684.06074808318           250.76138320599      2
      244.19418138529           761.81966486667           249.17795657105      2
     -791.20765954975          -118.28118814846           594.95123409279      2
      763.92487739264           237.52638106248           396.55880550946      2
      763.95652365559           237.42457742212           495.74354751858      2
      734.39220546361           317.28234831818           544.08238343056      2
      763.94763826965           237.45316587113           594.86322606912      2
     -179.03976365083           779.70812682173           594.15420416378      2
      726.60972226845           -334.7212444781           597.24408420074      2
     -705.36170356008           377.44518429942           200.61986174054      2
      164.39858004506           782.92599067803           591.20384540108      2
     -561.15696623048          -570.17791894373           592.64840192805      2
      638.91322118505          -481.44563119312             596.595429397      2
      588.33180379402          -542.09380059587           647.01448725762      2
      517.11135989671          -610.40629212499            595.4387779616      2
     -618.08657146687           507.90647778142           187.41529832154      2
     -556.81816509684            574.4158171727           158.44814342467      2
      520.17705941779          -607.79587597767           189.62842956831      2
     -743.66209808677           294.90114253624           149.82607132892      2
     -772.16867262986           209.17825175923           198.72134259042      2
     -790.53733444394           122.68138754621           161.62442177568      2
      -261.0102675373           756.22327406666           643.45984142835      2
     -671.80658623837          -434.36840433755           591.87645855005      2
     -713.83841504647          -361.15746870852           644.37103904598      2
     -771.33412364827           212.23493985619           597.64813514219      2
      785.00918991499           154.14464554115           545.32929843232      2
     -278.13856976689          -750.09261828659           597.90416328864      2
     -356.83800765638          -716.00742753956           644.71548834122      2
      382.27945118225          -702.75345691345           201.90887586201      2
      694.32715222036           397.37866788438           198.03173516681      2
      311.06409535624           -737.0475755202           149.72295495686      2
     -746.06505063241            288.7679695272           646.83229770026      2
     -790.50386845884            122.8968427243           636.43589267344      2
     -705.28155181153           377.59493200295           598.31108718993      2
     -652.36255496748           463.05841626764           655.28691946854      2
     -178.97560983157           779.72285530528           692.65163220222      2
     -657.52469466254           455.69866788146           554.19748401185      2
      -604.8378904497           523.61352759107           608.40725228777      2
       141.7710035488          -787.33790874869           152.54463275466      2
      65.032192787035          -797.35237749775           105.89861744339      2
       727.9147268678           331.87369647048           147.03883028555      2
       763.8268173243           237.84152946074           198.53221467547      2
      784.39773709584           157.22655640484           138.20411124395      2
     -705.39275567203           377.38714901996           102.12243059489      2
     -197.10573766617          -775.33820245044           646.25454027467      2
       795.2827395411          -86.748856983869           449.52349310774      2
     -607.82325550122           520.14506637274           508.60305566836      2
       795.3199794853           86.406771907647           349.88028031902      2
      781.36813399063           171.65033988899           299.99989267297      2
      781.38822314975          -171.55886664024           200.12002690352      2
      758.33636661813          -254.80572023488           151.05861854779      2
      725.66090397118          -336.77329533046           199.00233835091      2
      681.27502641995          -419.36182274557            142.3457320538      2
      684.20884048012          -414.55791224972           242.88331782906      2
      635.47322372938          -485.97714135851           189.31006743376      2
       784.0862222503          -158.77278128587           94.545015973335      2
       795.3199794853          -86.406771907636           649.88028031902      2
      778.00168734618          -186.31525564615           612.44514766735      2
      521.89565807062          -606.32080789549           497.62801662288      2
      454.83258689292          -658.12409004708           546.97820712059      2
        687.154682032           -409.6564938598           546.06977697933      2
      780.85355206132          -173.97623467939            500.4302918692      2
       639.0776729939          -481.22731414655           300.48923828418      2
      649.59556242205           466.93212063595           248.60767340656      2
      454.95208018846          -658.04149164942           251.21191592543      2
      469.24212951192           647.92887255556           298.27635117156      2
       382.1185819949          -702.84094167472           497.51701961199      2
      53.124518766054           -798.2341670875           495.27338487167      2
      224.72552276832          -767.78801723946            300.3571221342      2
      225.80283684661          -767.47187497134           199.06596177568      2
     -27.459970947354          -799.52857984913           250.45204472421      2
     -114.04924901698          -791.82874966666           296.90525425901      2
     -200.55214855363          -774.45389514839           250.60913457485      2
     -197.07383927126          -775.34631093137           546.33257599071      2
       -117.010979037          -791.39650667968           692.65123658534      2
     -279.31765822006          -749.65435088877           300.37083567572      2
     -430.96359091303          -673.99583330117           496.91009556227      2
     -431.01524771223          -673.96280033809           595.40007626772      2
     -431.07919997846          -673.92189706666           693.89819489969      2
      -562.4031705268          -568.94874442379           296.45178569582      2
     -621.01547964632          -504.32110211616           250.49414140614      2
      -620.7728265635          -504.61975565802           545.44484490193      2
     -668.14141710448          -439.98528015107           302.64751412657      2
     -791.10152804345          -118.98895884628           299.45550609978      2
      -799.2860306324          -33.791141382124           251.44773919847      2
     -748.19982464046          -283.19078799986           496.56765411135      2
     -748.22134003918          -283.13393705095           595.05643614908      2
     -799.30642795771          -33.305168149716            544.7771727364      2
     -704.86152060889           378.37843062855           497.55467611777      2
     -769.58971690962           218.47578270136           299.40578222192      2
     -662.20942711881           448.86375954734           250.30378009824      2
     -485.46496698378            635.8645813626           298.89590538586      2
     -483.15628910134           637.62057706901           187.45863542855      2
     -339.91375033517            724.1951686756           495.79387313287      2
     -340.07515233886           724.11938985343           594.26805063863      2
     -179.23221771173           779.66390972914           298.66191905069      2
     -97.637674483059           794.01944845296           249.42222769004      2
     -95.685228576233           794.25709756496           543.72889015137      2
     -9.8955717609295           799.93879619601           594.04036411325      2
      77.673038571638           796.22038348629           544.39653756241      2
     -12.408208183261           799.90376694305           295.32793414796      2
      75.114955012089           796.46578302745           249.24243646651      2
      161.48191066729           783.53276416959           295.26569936369      2
      323.11947669002           731.84274525582           495.74499937027      2
     -798.23368510419           53.131760416771            300.1005116396      2
      696.00060439318           394.44031067365            495.7686081838      2
      649.59066683798           466.93893129294           544.86048490721      2
      726.50773925527          -334.94253955299           299.00519342897      2
      695.86025534206           394.68785772466           594.69282561511      2
      598.61173368262           530.72025804324           493.07455687018      2
     -265.88383958373          -754.52354757702           85.287797505497      2
      623.26445962054          -501.53904471529           85.287797505497      2
       482.1077091034          -638.41378182419           85.287797505497      2
      122.70062404884          -790.53434894255           714.72185494864      2
      64.928015237132          -797.36086738526           636.01771300404      2
     -520.49062791099            607.5273707882           714.73931080333      2
      400.00000000005          -692.82032302752           714.71220249456      2
       356.5906846213          -716.13063308402           629.42440498903      2
     -591.20261229174            -538.961474708           714.73416748503      2
      -794.0495251383          -97.392769894084           714.73974993756      2
     -520.46873043243          -607.54613046422           85.276939987063      2
       -559.264118615          -572.03465422104            169.8727093954      2
      121.81659810613           790.67105450108           714.74537921799      2
     -745.97778352348          -288.99333294972           85.287797505497      2
     -265.88383958386           754.52354757697           85.287797505567      2
      -794.0750006133           -97.18484141568           85.256462635826      2
      122.71332390283           790.53237766503            85.28779750556      2
      165.39378162239           782.71635794881           169.74838175107      2
      623.26445962048           501.53904471536           85.287797505548      2
     -73.814687570775           796.58734103602           85.287797505564      2
     -15.159173810536            799.8563617609           169.79536784104      2
     -652.95752988498           -462.2190651266           85.287797505497      2
     -677.27124030352          -425.79768324609           165.81552555714      2
      556.90715677034           574.32953845155            714.7122024945      2
      584.89205080881           545.80334269832            635.6856651753      2
      399.63761172484           693.02942166611           85.253482843576      2
     -745.97778352348          -288.99333294972            714.7122024945      2
      312.41364035989           736.47655585028           714.64677973019      2
      218.85064169711          -769.48320100491           714.64588601412      2
      679.63161559331           422.01998422589           714.73837797537      2
      482.10770910344           638.41378182417           714.71220249448      2
       441.8919783684            666.8819081769           629.42386401983      2
      311.82869863417           736.72441435595           85.287797505517      2
      24.636046844936           799.62057577069            714.7122024945      2
     -356.59561762061           716.12817672102           85.270513379032      2
     -441.89197836853           666.88190817681           714.71220249443      2
      -442.4693778387          -666.49894949282           85.253464708533      2
     -171.13578124929          -781.48099425142           85.279596527464      2
     -118.82362467782          -791.12637815865           169.89781453361      2
      557.25076302934           573.99615600038           85.281801959622      2
      762.37223571741           242.46355232744           714.67683655552      2
       726.7716054871          -334.36960606148           714.62088699372      2
       222.3472379457          -768.48012711971           594.73234202198      2
     -430.79684458705          -674.10242448299           201.41513523376      2
     -791.16868493149          -118.54160444237           200.96124450883      2
     -747.54362557074          -284.91845827984           201.97005227347      2
     -179.29636657081           779.64916015764           200.16449076607      2
     -340.31345203669           724.00742700809           200.27833651962      2
      321.83622359121            732.4079772808           199.82295364729      2
      316.15784700165            734.8770072463           592.60363100866      2
     -278.28878610349          -750.03690011162           201.53685757733      2
      469.56603626189           647.69416979721           199.67172998855      2
     -789.11993333578           131.49042099003            542.5262380244      2
       625.3803018416          -498.89826424684           716.65914924683      2
     -789.28793447227           130.47818398684           254.23083883874      2
      785.55354553219          -151.34605082991           717.25777245842      2
      785.55102256546           151.35914556563           717.33202320077      2
     -31.411726905236          -799.38307676159           639.89505190954      2
      520.49464016342           607.52393332374           635.43846476053      2
     -591.14734978602           539.02208752608           82.256208625365      2
      74.472469084823           796.52611466819           640.15007787486      2
     -798.73786165601           44.920244402461            586.5931380811      2
     -551.78504691519           579.25233016433           564.58075142708      2
      441.89197836839           -666.8819081769           637.37141089834      2
     -621.96408831357          -503.15074565012           643.92681097672      2
      652.02935577798           463.52747405494           636.42469140098      2
     -798.78506647339           44.072866699397           209.76618204271      2
     -793.93640773755           98.310632531771            723.5797823912      2
     -23.505195591704          -799.65461655655           160.51130687635      2
     -793.93640773755           98.310632531771            75.46592019936      2
     -627.00703095959          -496.85227495427           162.11126536483      2
      73.814687570533           796.58734103604           159.84884719689      2
     -798.64053846644           -46.61856194735           640.26096976908      2
     -421.88797176878           679.71357149672           633.90535302401      2
      648.93285104079           467.85270635113           163.44321099289      2
      556.90715677034          -574.32953845155            725.9621158659      2
     -522.33391832572           605.94329583427           80.331404246926      2
      238.13894594291           763.73414381262           632.95131993181      2
      453.38180288353          -659.12437431344           166.85494754651      2
      -498.3425795264          -625.82319662264           633.47417247805      2
     -798.62975661999          -46.802904195014           157.31962796305      2
     -96.100000496541            794.2070195513           631.76936345027      2
      583.68571639317          -547.09321370182           163.84189403041      2
     -394.44265978152           695.99927309192            161.5277045559      2
      -704.2852386565          -379.45000014569           723.54544407309      2
      734.45087925473           317.14650551749           631.88532339367      2
     -745.97778352348           288.99333294972           729.26507744249      2
       796.7896846234           71.597475358687                       150      2
     -265.88383958373           754.52354757702           729.41795355338      2
      516.90554190756           610.58059316134           161.52158078298      2
     -356.59068462123          -716.13063308405           730.19352751985      2
     -773.23768993897          -205.19131282256           630.83730101541      2
     -205.88074004107          -773.05441003861           162.78366841317      2
     -492.84498532024          -630.16174149554           162.77972809072      2
      688.02185822627          -408.19838633056           632.21922383974      2
      755.52001802788          -263.03897498118           632.53079953372      2
      796.97508452083           69.503342747081                       550      2
      311.82869863414          -736.72441435596           68.498969834697      2
      784.86978123879           154.85291892043           399.89233766759      2
       758.7719657699           253.50562905326           297.59909085903      2
     -745.97778352348           288.99333294972           68.155272334907      2
     -665.97255490348           443.26127297039           166.17578111648      2
      251.79994965913           759.33970352646           162.00620052495      2
     -772.64050374874          -207.42866717716           167.19826182167      2
      726.77221745562           334.36827590943           67.514267790909      2
     -351.09157291866          -718.84261658968           167.86134093102      2
     -548.08298735832           582.75641478098            647.4540732878      2
     -106.98217365986           792.81448934729           161.42353821916      2
     -255.66563944826           758.04688562483            166.9563158152      2
      155.45802729449          -784.75015243688           638.65130305023      2
      392.51865081597           697.08615591017           166.89989025438      2
      761.38185018612          -245.55585557497           68.813985663677      2
     -719.64507825634          -349.44378852889           160.97433877131      2
     -652.95752988498            462.2190651266           734.70474355773      2
      142.84320060599          -787.14409102822           72.789817845746      2
      783.74908906474           160.42869254032            626.9432556353      2
     -196.31622866871          -775.53848283712           725.28979570524      2
      784.06575875008           158.87380512743           211.41882341236      2
      680.17370858369          -421.14573030189           63.622247087686      2
      292.78116086527          -744.49928934982           639.69387647195      2
      794.41107912605           94.398291095669           77.810752207245      2
      382.68267143347           702.53396571592           640.31941968402      2
      796.65819117826          -73.046056899626            726.4826730349      2
      796.66372692462           72.985657512816           726.54232878145      2
      795.84093993755          -81.469002199091           79.411186344165      2
      480.80325245879           639.39677229796           570.06465774546      2
     -798.15569058428           54.290824159681           663.06487716192      2
     -47.832680457102          -798.56874136187           729.51965846236      2
      395.32029644011           -695.5011597564           569.90477334136      2
     -798.13171257784           54.642194113674           134.57865478633      2
      782.34552775094            167.1390894079            470.4752234467      2
      524.98618238385          -603.64684071569           668.38783261712      2
     -786.58147826784          -145.90948579849           661.24040660005      2
      43.578790581715          -798.81217380022           565.46016459983      2
      782.37035301643           167.02284490736           69.358625198206      2
     -9.4098703264825           -799.9446570485           73.416499156207      2
     -24.641799834892           799.62039850225           663.53647172724      2
      704.80975542865           378.47484546877           663.41328139858      2
     -680.47071853636          -420.66566441131           664.10400595533      2
     -786.37742156786          -147.00527489954           136.22937882869      2
      653.31674881764          -461.71119297061           663.15054914381      2
       171.1464665652           781.47865420768           663.83003893819      2
     -312.23941664766            736.5504373032           136.52809674606      2
      604.17660760401           524.37641711285           562.05291015908      2
     -482.11031857606           638.41181123354           664.55228479772      2
     -664.81436514393          -444.99647178182           233.60844499166      2
     -556.90311973694          -574.33345299334           664.76167451592      2
      443.71461672291           665.67059339168           137.13781327325      2
     -415.07328326584          -683.89631488912           142.43771635474      2
     -113.61294934623          -164.59677317873           82.697420406125      3
     -113.74760895771             164.503742986           82.641099950688      3
                 -200       1.1331077795296E-13           717.30257959388      3
      181.34165631588           84.351666756588           450.14142378079      3
      175.27288894164          -96.329717128474           442.44116335865      3
     -24.107336051065          -198.54177481961           717.30257959388      3
     -24.107336051065           198.54177481961           717.30257959388      3
      181.64248824708           83.701890441072           250.50007609194      3
      181.25000000007          -84.548432865288                       250      3
                 -200       1.1331077795296E-13           82.697420406125      3
      70.920977408507          -187.00324853708           82.697420406125      3
      70.920977408507           187.00324853708           82.697420406125      3
      181.24999999991          -84.548432865616                       650      3
      181.95196094191           83.027007108499           647.65797900652      3
      181.55526518265           83.890915386927           549.54089892318      3
      129.56654041978           152.35652793251           500.08714669502      3
      129.17303682069           152.69029621597           401.43865752806      3
      54.270231871588           192.49608290198           450.86478182548      3
      53.711643423489           192.65269102908           353.10616261228      3
     -30.194680165671           197.70756507957           402.22813145971      3
     -30.647216954852           197.63792169754           304.95798022757      3
     -108.87697680797           167.76711215598           353.85381672423      3
     -108.35320509136           168.10586826887           455.21239693696      3
     -168.52924355745           107.69351914555           404.04606007467      3
     -168.11709253858           108.33578908363           306.07886082531      3
     -197.65023182988           30.567725751117           354.41323069896      3
     -197.61631586664           30.786225869651           450.75337969289      3
     -192.94573464906          -52.649249574284           402.78729388096      3
     -192.91367534271          -52.766598012053            306.3160460027      3
     -154.49135232204          -127.01347195359           354.79110110943      3
     -154.66695991668          -126.79957220012           451.55992917881      3
     -88.989471436976          -179.11134518329           403.47947916847      3
     -88.641902272331          -179.28361096749             306.481321268      3
      -89.35619662062           -178.9286732905           500.39603953684      3
     -7.4647695183775           -199.8606444902           355.31537022525      3
     -155.00051450129          -126.39161564097           548.41961606262      3
     -3.5748475822555          -199.96804860968           244.11551073436      3
      54.822803831447           192.33944000142           549.11079263919      3
      52.991958767799            192.8518921503           255.78307515582      3
     -30.656567582517           197.63647149263           206.95399874752      3
      75.697426067027          -185.12131073117           307.09390874152      3
      75.464108092133             -185.21654459           404.73605763891      3
     -94.998702238164          -175.99785956955           598.29412381968      3
     -8.4399403091499          -199.82183916574           549.25943672523      3
     -161.19566190515          -118.38901377646           644.55361979424      3
     -196.05267261058          -39.539215498628            593.9389666118      3
     -89.497855575536          -178.85785933914           208.30748412124      3
      94.013072639687          -176.52632147316           211.07847044054      3
      145.59721889594          -137.11837896419           356.12915438733      3
      181.28136370249           84.481164611807           351.01963216647      3
      129.88055861159           152.08892298501           599.58586080024      3
       143.3629899601           139.45269129601           706.95419678009      3
      65.311884748812           189.03533455563           649.50268299722      3
     -29.565432958076           197.80264197933           598.97194774341      3
     -112.94585416661           165.05524537734           662.06860565264      3
     -110.74980214925           166.53672665182           562.83476915419      3
     -168.45420578517           107.81085545198           622.55680281781      3
     -181.75989994267           83.446622297319           522.75695160623      3
      180.89419904712           -85.30702638764           549.45574513891      3
      133.72838951538          -148.71690501628           601.54647207597      3
      139.69614960186          -143.12576912078           704.94050792356      3
        54.6348438668          -192.39291524287           649.01390262337      3
      129.30850978547          -152.57558552095           500.46455261974      3
     -193.00995687094          -52.413324152148           499.11420914799      3
     -154.57001286605          -126.91773368048           257.74772615916      3
     -193.66734849717          -49.929531602798           212.01951691066      3
     -28.631880354772           197.93992883537            501.3709753098      3
     -108.80682503251           167.81261819763           257.92664252719      3
     -168.30732860866           108.04000711133           209.47899797527      3
      177.81114564608           91.559797313163           148.92309268494      3
      129.23716131942           152.63602502063           200.00096661882      3
      177.20929165802          -92.719291143018           148.48831054336      3
     -177.09120513064           92.944634408758           717.30257959388      3
      129.57345712482           152.35064558026           302.71319813656      3
     -197.68908367461           30.315444840727           258.06317446862      3
     -162.69491965325          -116.32008906041            161.9811555045      3
     -24.309188653662          -198.51716134128           127.73977435551      3
     -7.8613892953756          -199.84543667131           452.42082218976      3
     -94.170400137731          -176.44244313061           717.95445779423      3
      -177.3122890389           92.522171157983           82.635031543914      3
     -23.952794633978           198.56047851781           83.082024840085      3
     -177.09120513064          -92.944634408754           78.344863636403      3
      149.70214963422           132.62453164816           78.323567633035      3
      149.70214963422          -132.62453164816           78.096089693427      3
     -195.72706174478           41.120764836698           163.24223664854      3
     -177.09120513064          -92.944634408754            725.1750397914      3
      57.112453946303           191.67203135625           167.25027371608      3
     -110.18122397939           166.91344428297           169.24796457278      3
     -197.06674794114           34.127655294519           583.36743001931      3
        63.4688611683           189.66207755374           729.30895909937      3
      63.777875848161           -189.5583882404           729.63823690332      3
      72.427568872016          -186.42491053314           550.32354524838      3
      143.66722293391          -139.13924340191           200.00000000008      3
      188.64566564692          -66.429005958471                       350      3
     -24.200608244369          -198.53042729164           637.37694168505      3
     -113.61294934623           164.59677317873           739.36717949119      3
      137.24226126526          -145.48045134243           278.39027374834      3
      183.90998338674          -78.594643651385           720.20912525473      3
      185.05339538939           75.863303743366           722.16319078439      3
     -197.40452135495           32.116272333842           657.78071733991      3
     -193.57117737475          -50.301086367525           135.82971131303      3
      188.10569461835           67.942973530355            70.51974126782      3
      188.11062964322          -67.929308955952           70.506015220048      3
     -24.107336051065          -198.54177481961           54.416999720616      3
      64.574426140178          -189.28851916761           477.56314023796      3
      117.42099316721          -161.90216293684           138.19254431316      3
     -193.10773841345          -52.051910290034           668.64023252674      3
     -160.73484185016           119.01390933586           144.51928328196      3
      131.29598089807          -150.86870251982           433.09269590346      3
      51.924664432054          -193.14199238803           146.73029006593      3
      115.51779334479           163.26554878709           131.37094336783      3
      -199.5457651839           13.471733265371           517.54790302177      3
     -277.08974140384       2.0555354076412E-13                       800      4
     -157.24399924339          -228.75182026826                       800      4
      -175.5398134744           215.26169585841                       800      4
      87.694688088479          -263.13298312458                       800      4
      97.736169551354           254.59847541506                       800      4
      269.64103172733          -65.906465688251                       800      4
      606.35902101305           375.44161073414                       800      4
     -635.04569978345          -337.28967533948                       800      4
     -632.89986403503           334.87281972368                       800      4
     -61.322587260301          -702.04668773073                       800      4
     -76.521223520612           717.20156730205                       800      4
      565.32395307672          -444.16254673158                       800      4
      695.39953439311           130.85464895682                       800      4
      423.50694167443           567.56758662015                       800      4
      373.93669134791          -624.03665684197                       800      4
     -311.10871221967          -656.92735405682                       800      4
     -323.76258250396           633.18903691256                       800      4
     -707.77581795213          -87.641639400126                       800      4
      188.30047505256           674.32270546234                       800      4
      679.62048067329          -216.20283921345                       800      4
     -714.82963798374           82.959062518766                       800      4
     -461.75675457152           -541.7453917423                       800      4
     -453.43616926095           533.37987793148                       800      4
      195.10090269526          -688.57006861225                       800      4
      710.29347840775          -35.380987970216                       800      4
      292.06056345578           26.751146710461                       800      4
       279.3892297458            128.6645162504                       800      4
      361.63522687117          -39.585816617271                       800      4
      338.95892380573          -132.64236968192                       800      4
      431.21509553994          -106.49750520731                       800      4
      407.90642418264          -200.34283812117                       800      4
      454.38922474997           -12.61631923097                       800      4
     -81.049230606168           -286.6387861794                       800      4
     -166.10555932994          -328.41132264814                       800      4
     -244.37649178132          -270.60793431537                       800      4
     -86.111946910613          -378.61943121575                       800      4
     -255.09375745255          -375.34452267045                       800      4
     -332.52461316775          -312.67628688193                       800      4
     -19.029248736521            277.5623511802                       800      4
       46.53169338478           353.53532682752                       800      4
     -51.364560520205           373.78961560163                       800      4
      143.89553908629           344.71438112699                       800      4
      13.002543029383           442.95691229245                       800      4
     -77.757560891412           466.38002302833                       800      4
     -240.38635969502           145.67499756335                       800      4
      -266.6300338272            236.2818991894                       800      4
     -337.35727374228            170.1995236527                       800      4
     -357.09714996828           262.42859282627                       800      4
     -429.16425113757           197.71657218792                       800      4
     -285.81276941339           327.98693247061                       800      4
      320.35635487935          -227.62014126797                       800      4
       385.3051645079          -294.52480059469                       800      4
      297.08150010626          -322.44836227105                       800      4
     -326.55628630904          -219.30322967009                       800      4
     -412.16117613473          -256.24730814301                       800      4
     -406.88801897332          -163.53696378581                       800      4
      362.03903354176          -388.84976270874                       800      4
      268.68775805642           -415.5486939121                       800      4
     -492.02267923477          -200.64115448989                       800      4
     -481.76410109415          -108.26615329593                       800      4
      477.78397120725          -267.76782755928                       800      4
      -409.4447874747           106.26501932242                       800      4
     -501.38368773029           132.83898145778                       800      4
     -378.58480434558           356.74709669246                       800      4
     -310.14000131109           422.20123960575                       800      4
     -419.79057383076          -351.57315292104                       800      4
       523.8570262781          -79.676807556734                       800      4
      547.24085350419           14.491039817027                       800      4
      475.51482288418            97.98606715213                       800      4
     -14.341426979906           534.67775630531                       800      4
      78.739274738403           513.98865794773                       800      4
     -104.50909478405           557.35130953175                       800      4
       50.17597944508           603.74469796082                       800      4
      194.94340817861           267.21084521548                       800      4
      238.64130963666           349.75020002214                       800      4
      295.50790151987           275.68812870189                       800      4
      331.72766256225           357.27914715167                       800      4
      388.28315243734           279.18052879541                       800      4
      270.63355264391           445.13135006633                       800      4
      426.93260623294           375.24795774451                       800      4
      480.00244768743           284.17820655974                       800      4
     -139.96368424803           388.88461417074                       800      4
     -519.64514249256           225.77286005086                       800      4
     -567.46209808707          -145.46881540208                       800      4
     -549.66227931726          -38.437135075551                       800      4
     -586.78705365195            162.7211844397                       800      4
      209.32961468727          -350.69464566954                       800      4
      176.16447741262          -442.43232880326                       800      4
      243.03776649687          -505.05835607731                       800      4
         149.30269402          -534.20417914585                       800      4
      81.468066033344          -471.06794965542                       800      4
       55.73552295577          -562.65700124476                       800      4
     -12.517937644087          -497.61617123605                       800      4
     -398.15462874554          -73.844030185609                       800      4
      585.49028434142           113.14250335498                       800      4
     0.98860649740016          -337.15039817043                       800      4
      182.55051674704          -217.62814034795                       800      4
     -270.77480657142          -94.677854923114                       800      4
     -37.240866670168          -592.79172359033                       800      4
     -105.73389006711          -526.71518543482                       800      4
      -130.9467209219          -616.60079464179                       800      4
      -198.4152838391          -546.48649967466                       800      4
      32.709533373859          -657.30303154625                       800      4
      442.00800900287           197.93684194443                       800      4
     -480.24346348924           42.909998658386                       800      4
     -165.41638079121          -441.18801462403                       800      4
     -267.97885074634          -473.29534031478                       800      4
      146.91955375896           583.51841747921                       800      4
      174.56404449527           490.04545699038                       800      4
      243.79256793655           574.42626960634                       800      4
      642.57111334933           39.990102060914                       800      4
       621.6169850137           203.47344825261                       800      4
     -400.44624934259           451.33582195492                       800      4
     -466.94321010322           381.06648896859                       800      4
      -339.0995073523           526.17741568297                       800      4
     -252.85425854195           497.84822565058                       800      4
     -583.62119988011          -253.28182188528                       800      4
     -669.27934218914          -178.92712229865                       800      4
      338.64743246068           518.75527009299                       800      4
      345.72280587079           620.56498484148                       800      4
      421.81761753093            472.8190713416                       800      4
     -343.88419867126          -409.87702334454                       800      4
     -364.66051523377           -505.4444921051                       800      4
      104.58107236812           -367.3448103572                       800      4
      336.21081829883          -477.24873500027                       800      4
      423.48930150928          -452.08296227842                       800      4
      376.75095928557           55.600517627147                       800      4
     -567.80901690737           67.801359896853                       800      4
     -650.14939360052           4.0823371855645                       800      4
     -499.34418321637          -296.14174842374                       800      4
     -507.05807818534          -391.80843862718                       800      4
      500.64396773864            -173.672993548                       800      4
      573.62587182603          -240.86037714214                       800      4
      545.82048465695          -346.58343394944                       800      4
      447.58879921008          -361.76662052651                       800      4
      593.25850626895          -147.00040067694                       800      4
      -448.6460004358           290.88577275824                       800      4
      616.21810339091          -55.784577931488                       800      4
      644.34633682245          -309.46731162613                       800      4
      345.29710047771            203.0079570207                       800      4
     -221.49850314382          -631.87708711789                       800      4
      251.78747374781           -159.9022935476                       800      4
     -237.66415215476          -178.46378724137                       800      4
      127.05867717365          -626.16454369063                       800      4
     -539.96834209127           315.88614873125                       800      4
     -564.10823755945           414.66150086433                       800      4
      502.63759105083           511.99715792885                       800      4
      217.39074047955           -596.1296624249                       800      4
     -42.521234256864           630.60796995764                       800      4
     -134.60114292754           646.88571857363                       800      4
     -191.61314761442           573.91959794713                       800      4
     -230.95434432774           664.96876412147                       800      4
     -115.82635236828           302.57372268648                       800      4
     -307.23068509706            81.97194368853                       800      4
     -438.71833167822           -448.0518635494                       800      4
     -167.34969305826          -702.70647920318                       800      4
      531.40043409741           192.74536084613                       800      4
      201.00064899531           178.87224163138                       800      4
      397.38553196035          -537.92162920436                       800      4
      492.00446889325          -517.82546758031                       800      4
      107.13261907271           426.29617212809                       800      4
     -607.09950063482           250.95327905693                       800      4
     -682.14812154146           184.43913400355                       800      4
      690.63986516614          -125.34802455259                       800      4
     -391.74441012163          -601.59700969944                       800      4
                 -400           603.66056939003                       800      4
      286.08005998265          -655.88158123111                       800      4
       658.3660403632           294.19518629466                       800      4
      113.40185799533           724.19890589397                       800      4
      29.308738010403           702.39306589634                       800      4
      -529.9643801376          -479.43334881755                       800      4
      520.28531776092           367.04004456065                       800      4
     -588.65015080579          -411.87328699833                       800      4
      103.75088680275          -714.34593049323                       800      4
     -203.97455237408           302.65204685791                       800      4
      563.32341938293           450.69192282465                       800      4
      569.67170765595           286.17897620799                       800      4
      727.64067766038           45.811091426457                       800      4
     -533.88862476997           496.05090848374                       800      4
     -380.23306349995           10.931883547754                       800      4
      617.89689741575           -386.3378330853                       800      4
     -285.69809081304          -564.14768470145                       800      4
     -675.45310558993          -267.92750874169                       800      4
     -224.79947500996           405.47927304511                       800      4
       10.68631636693          -417.76913279505                       800      4
     -733.94403510313         -0.12004793915908                       800      4
      699.99206451289           222.68350657215                       800      4
      -165.2495368483           481.64384056227                       800      4
      383.79202427923           136.63917999896                       800      4
      186.97341298697           411.18751206679                       800      4
     -628.86578622922          -89.278474998169                       800      4
      22.675053437913          -735.97194386655                       800      4
      309.00693476103          -566.04610346332                       800      4
     -157.27946152276            719.2285538385                       800      4
     -682.25466080173            269.4311295968                       800      4
      488.59537920877           436.45385084581                       800      4
     -267.65676806807           579.22060806294                       800      4
     -71.818767809218          -452.38158706114                       800      4
      357.23460054121           433.33692668649                       800      4
      277.15783334168            671.3178033583                       800      4
     -7.7407699658528          -259.38414395484                       800      4
      269.07762215387           204.17421493395                       800      4
     -458.01150722923           -33.34108727019                       800      4
      247.20127987579          -261.05355652468                       800      4
     -332.97664555015          -141.92184402693                       800      4
     -638.65076943368           102.25105948182                       800      4
     -559.63400905988          -339.03139748769                       800      4
     -476.11390733268            455.9635087303                       800      4
      107.28584223296           653.96551419985                       800      4
      447.72030131761          -593.57839789038                       800      4
      160.82101456923          -288.99469317253                       800      4
     -329.58061580994          -54.019450033773                       800      4
     -246.14319982271          -699.53916985442                       800      4
      492.07114180318          -421.75232459014                       800      4
      237.13524958306           62.090074342404                       800      4
     -496.37210168571          -46.718038355526           499.31646193096      1
      249.91332717671          -431.74886568445           449.82469656622      1
     -320.37964341348          -380.09977593874           403.43429837338      1
       221.6623759857           443.66507559476           498.19246796923      1
     -463.46439839727           183.89207953488           302.62696997464      1
     -188.53569252796           459.04032031574           303.65854029226      1
     -41.906978464156          -497.43614465812           498.38977458288      1
      470.15172236782          -171.69691111882           497.67275766175      1
      464.09305173391           186.87194438392           495.03478529757      1
     -365.94474108171           360.60147148406           510.53758549839      1
     -432.11613995349          -173.53538754289           269.15993338473      1
     -39.961708268628           525.12540375121           525.94605981159      1
      80.487105400749           466.11169062514           267.30109436013      1
      516.84556083589           6.8511946212879           282.06855705846      1
      350.06554052181           324.73713631964           278.43827450686      1
      82.959710984311          -526.70034356567           263.65550281904      1
      419.82520895964          -325.01658254337           267.30713662101      1
     -163.66516397481           -531.2066537552           285.42809168535      1
     -483.06242733536          -283.23200228263           557.06213175529      1
     -527.56375256595           186.28164425714           560.46227594855      1
     -580.71874255413          -7.3407947950901           295.08484345733      1
     -403.08721479644           398.76716772057            229.7114105576      1
     -255.53746608072          -514.02655197705           576.08826907676      1
       431.9072523932          -381.19771770617           574.86066190529      1
      288.17341431493          -486.29253939982           210.25598759359      1
      576.43826114841           10.027769431088           576.98000539392      1
      424.65715216448           391.48843248314           576.76478778521      1
     -270.16688962428          -301.15222422188           210.58592698675      1
      542.62490024124            223.2346439382           294.64740602687      1
     -247.89361767632           534.40725545789           491.54591031887      1
      280.50329903123           525.42450002203            299.2539016058      1
      145.21955159329          -565.63763160033           585.10049686798      1
     -467.63330221447          -368.56949910629           203.69391643616      1
      -277.5902663884          -305.84156485197           595.41220509414      1
     -68.953861386711           590.11998492515           199.81694089661      1
     -395.12227738483           17.422259706579           204.46224282421      1
     -349.57132239992          -175.60874471201           452.33389206868      1
      388.75163017379          -132.50111399002           200.14719025344      1
      303.66038060112          -245.60808123421           407.15620008511      1
     -284.81382142578           269.20691024099           348.24120414459      1
     -378.68898042799           105.61723106654           461.32452816484      1
      231.56300069537          -306.83550481571           183.76790318852      1
      570.43381905633           -190.0578915947           300.02714121358      1
     -571.39383552534          -199.93878481918            403.8106205662      1
      71.163294965609          -379.79683612027           391.46870113412      1
      -172.0354354521           365.93311971677           592.95694300217      1
      248.92996241269          -310.63394297834           607.47588102922      1
      114.18983793312           591.21524546009           418.55285133483      1
       375.4512946356           134.50521856776           205.22747886201      1
      -128.1141972965          -367.75347611586           383.14788898209      1
       286.5817985767           262.63880463081            454.5226491523      1
     -50.252488576112          -409.93670516148           187.03722865236      1
      395.92971661042           5.9843604626551           441.95254528345      1
      -37.33067462967           387.66867651954           394.43319701788      1
       127.6461619337           569.49078952203           609.16528751479      1
     -527.70620254636           316.08313769573           422.32742664091      1
      68.717831036718           381.33112921671           605.93965337745      1
      73.212557596996          -372.46986199353           579.66037377701      1
       490.3254461063           375.31545262559           396.64798107754      1
     -332.00397338951          -507.12198941436           191.49824561202      1
     -383.90103636547          -120.50355215417           623.52815614389      1
     -349.82325219736           206.77923647439           616.52851896119      1
     -313.21741260292           215.25337707109           175.70738318327      1
      185.99270140451            332.6020658442           184.22529605123      1
     -111.59154848989           609.13644662221           378.22678934686      1
     -501.96667436471          -368.14053248971           397.09256646398      1
      320.69009317051          -521.05958245299           621.31502052994      1
      427.25889111479          -448.42010126879           403.61826959778      1
     -424.87955034125          -455.76657302562           538.12857960777      1
      363.22658934438          -89.264796334181           622.77603435473      1
     -607.21060932648           136.31050796396            404.2282653313      1
      75.398734484317          -616.99308214833           423.29287141321      1
      501.21576107464           361.37683899906           181.94519052018      1
     -610.93329405573          -118.94320683686           621.15788259448      1
      327.88686272741           190.08705678646            617.8543426388      1
       -246.086795149           573.12393332878           177.88611508326      1
      608.17656585098           99.001963618531           416.67483805723      1
     -67.221318469652           409.67430538468           177.54077003481      1
      166.03588436961           600.27311838032           179.80024260336      1
     -599.99771147748           140.56909416753           184.11457680649      1
     -107.20176402946          -372.52930787041           617.06193012287      1
     -298.65790085617          -555.97273356487           398.45625278795      1
     -405.58676058493           488.05951752366           632.28696045166      1
     -158.79360529955           607.03227815854           628.93559941715      1
     -384.67677394726           487.61822873087           384.81452879808      1
      232.48850800231           -577.9442398583           351.27823414176      1
      149.80263469811           340.81092056999           372.43429984506      1
     -429.46303348065           49.892043685293           631.06238363841      1
     -110.24820465382          -612.59351790304            620.2050595377      1
     -603.26766208366          -169.65980772352           234.83296852461      1
      375.23536821573            476.4541140974           164.98037492398      1
      378.84817285009           503.78247752995           444.41916455577      1
      324.78095630985           534.47861346427           610.91992446864      1
      540.91041132653          -314.52129614991           421.72631398274      1
      -47.11005557544          -620.70901880091           179.00863454084      1
     -391.06827704979          -34.889511554156           366.26230797539      1
      619.16846197038          -77.815311673904           428.69832138298      1
     -624.86638046908           56.681754575539           630.14015132782      1
      558.96096178972           287.77763461833           624.15380109271      1
     -518.35854377129           357.72079225561           597.97254413411      1
     -544.84047636862           308.09392055864            176.3049130835      1
      621.89451468223          -81.063076894842           173.10622918214      1
     -143.31382220386          -615.44702636448           431.11621784826      1
     -232.57860943384           366.15464823078           166.58364779422      1
      232.00992276412           332.45411582863           628.99763108607      1
       624.3929490425           94.536586124733           174.42078288223      1
       445.3542379021          -454.19328803084           165.18251260688      1
       561.9322968786           -265.2367645356           621.64327848341      1
     -641.85908043679          -59.292787294394           433.64808176317      1
      552.01615547228          -291.69494228451           162.70936792682      1
      389.19817100036          -245.65617941081           647.91640870453      1
     -422.19822329505          -486.28962738671           322.87893971406      1
      173.81816351384          -615.93953251368            158.2407992596      1
     -224.24713509956           384.74937592816           440.61252848016      1
     -265.71137099724           591.58289731977           344.54625430679      1
      95.920483646053          -371.20511991815           235.00511045134      1
     -324.23826746889           113.57309727748           314.86539433903      1
      367.51898066845           149.42353572578           368.14906414978      1
      422.22341391322           59.636170925771           593.42452095872      1
     -333.86231599631          -120.59103982427           156.87364559652      1
      211.32773175938           -341.9760607628           331.64966970809      1
     -251.53549937167          -248.75534802478           356.00796897268      1
     -204.01296449404          -614.58107731649           156.68313950636      1
      402.82371386881          -130.20420172262           359.07953076024      1
       337.0471019246          -558.80184479792           463.64770973364      1
      173.34270419314          -301.27088616153           474.45956684224      1
     -6.3755572707942           643.75124280428           646.94852607554      1
     -341.82960678197          -33.874711488985           508.20653008469      1
     -139.63695073981           311.95145482573           305.93609666933      1
       9.696390199159          -514.63839557677           645.58825789413      1
     -450.62075355192           148.96633579429            145.1411411888      1
     -496.22187622045          -90.058691322744           154.15450954602      1
      588.74827881948           261.78611161303           438.60003009178      1
       356.1228060834          -1.7868713793076           281.25283846333      1
     -33.288007692533          -480.26709277293             348.431496892      1
      516.07820919835          -117.00270734023           647.40322672711      1
     -329.49347142375           351.09358575219           657.03556133811      1
      627.53515111076           159.23125051396           561.92279405392      1
     -541.21844861693          -373.26232475287           657.99764183877      1
       256.9903084555           593.01655182713           478.20391520564      1
      437.41632207232           485.18871162017           304.40130011332      1
     -262.85548866352           248.51541926817           498.03039193817      1
     -603.03250481269           252.74077426332           305.89285219974      1
     -642.26903743737            -32.1548836351           152.67474500156      1
     -252.28092082245           485.95026663036           646.48509420365      1
       55.53188520539            614.1812798045           281.50893554781      1
     -37.755055546145          -649.65322324583           327.64689980993      1
      590.87413465964           241.83016136589           145.69696511389      1
      367.01920401237          -266.35655489331           143.19623643704      1
      76.441643030979            454.2432263635           464.74322221064      1
     -190.75831743523          -461.35859413333           150.99452069942      1
     -403.99400754933          -249.21302877416           146.47210811149      1
     -393.70232781682          -373.34525069425             656.442307711      1
      398.98417827099           3.0696421245621           138.21977795238      1
     -25.472796318628           481.42291719997           664.50584744284      1
     -380.14199825406          -537.21261681963           654.96191746214      1
      312.18322582266           258.75268608728           148.60028607632      1
     -211.50433099859          -396.18961527484           500.51036768212      1
     -6.9236596935956           655.96894865364           469.22330756259      1
      22.844912055376          -649.78918105701           560.49671101283      1
     -582.02842650579           -299.0660876764           140.67539506519      1
      624.55817104936          -210.03854512617           497.84904702152      1
     -484.62725915513           442.92531054258           482.97267805868      1
      141.74475118424          -473.51842715562           139.66550574378      1
     -401.61325416504           245.27360548236           430.49184989231      1
      150.74582081276           296.89555407101           512.28974831426      1
     -372.63810159027           542.33590038927           247.94702400235      1
      304.82142677463          -194.26900776911           542.32908914077      1
      197.35735931581          -443.17225109945           652.37697107568      1
      47.270861614283           527.53128376249           140.57536270091      1
     -588.91568000775          -301.53652033529           298.70270161052      1
      -30.43275945374          -338.51622324168           485.21742873301      1
      17.491875045463           334.08814795578           269.81950489674      1
      369.14098426796          -546.69535030588           314.25879622072      1
      230.55602591492           470.38162158814           174.60565749317      1
     -617.70955189668          -235.38742000902             535.956875612      1
     -403.67882548111          -305.72360164962           314.65547278285      1
      275.77150292026          -196.07768738197           270.86220345568      1
     -52.469031489304           500.09351811111           308.66573005375      1
      265.20365962398           204.19880254878           277.24416962657      1
     -494.14212610762           53.467228966579           401.26435876585      1
       120.9774314589          -489.50663282659           467.28061488215      1
     -628.55066413934           199.56070300435           665.04910255558      1
      314.08253381232           109.24391891634           499.67258371281      1
      528.53501116451           412.74704149749           671.17210929601      1
      -224.6963157225           254.81082388347           665.03676230663      1
      127.64538209891          -655.56008581554           298.42046146432      1
     -535.12403698297            391.6960636831           296.65098961859      1
        -307.43804315          -130.37520209848           311.03828536197      1
     -258.70256222017          -424.38650090699           282.24261961984      1
       278.1072105502           403.42661433603           373.37849566385      1
      657.18840326377          -22.629069591511           300.57136807775      1
      -208.5828025131          -249.70578875698            488.3819971499      1
     -470.54510352796           243.49936156316           672.29929582981      1
      466.76052838764           181.33320240739           658.21457902851      1
      194.54179411923            635.3742132771           312.49949573559      1
     -22.134331733463            -329.847671184            299.0226986562      1
      -318.1941724776          -16.009234394706           665.02852369934      1
     -497.54173193135          -62.036827673802           672.24932865611      1
      37.828845354012           663.98741584286           154.57803441824      1
      472.31163166827          -469.77520650081           672.36888052958      1
       652.7668555338          -76.082891599426           662.72265510264      1
      407.67186954207          -322.12739435938           453.45147486563      1
     -166.89345060877           643.90975988147           497.91340883443      1
     -399.75536498206            309.0725647164           126.46847057747      1
      210.89165076938           468.43693259411            664.3513097738      1
     -173.22180931239           648.82508151602           263.58932766149      1
     -325.97549996407           466.13085189248            132.9294888932      1
     -45.625790125335           338.24174250466           529.54564291195      1
     -129.15295405688           483.27993214769           430.28106579999      1
      557.08282824626          -363.60797739476           287.34150663463      1
     -418.64614215105          -242.24770427309           667.02374750869      1
      358.60098274541          -568.96779870668           127.30842039169      1
     -555.66683509906          -236.99268377503           663.84652061598      1
      511.50032213786           -159.9107422953           138.82325004992      1
       450.6310087321           236.04013266551           144.04698319433      1
      93.973032028662          -664.59047320637           674.59691802958      1
      66.550093217774            392.2180185936           152.54040562417      1
      327.60827688367          -412.05017423461           317.76131647397      1
     -624.09824019802           244.04620726719           484.78865367253      1
     -662.63701283629            57.41528651785           499.76727738805      1
     -316.77396718913           86.852442890223           575.29512742861      1
     -283.50283684398          -195.85230273312           673.92890022111      1
     -545.08314451119          -396.58547961541           520.92142389354      1
     -244.47354526149          -625.91632404777           661.07290768161      1
      216.29324498463          -628.45405314067            481.4127533322      1
     -278.67664385476          -604.75090044627           271.79223625975      1
      318.39753602076          -388.66535236848           125.43645436725      1
     -462.58212635327           477.70121543182           134.69492740973      1
      335.09382521056          -395.18113369003           667.88189226263      1
      -349.8135571861           -383.3545758871           134.64492669992      1
     -511.90759289182          -86.230502560174           374.78499036184      1
     -407.59912191363          -293.50019069807           449.95884877467      1
     -416.39684142705           358.76839093667           358.29803349491      1
       361.5573356111            312.6133107964           669.63344432107      1
      658.69542615336           75.071047845525           667.17755701738      1
       260.4938614142          -191.65524887664           669.44197250153      1
      557.63035979174           370.36158885193            515.3840335513      1
      298.95025975363           585.17311682975           180.99368862767      1
     -142.81357860927            506.6496504649           128.16906677571      1
      165.35419536359          -464.67917764116           345.70189078918      1
      441.89181775039            -503.450904005           523.70237284722      1
     -474.82245817861          -174.23309762597           486.83711249317      1
      313.63131947443           67.788144654647           673.21149218912      1
      -229.5189437833          -413.72001054574           668.81419835536      1
      167.06348278729           478.43559628237           368.93501392467      1
     -665.79439945454           95.573167594534           291.30416142859      1
      438.89009213444           510.39740246852           673.99921945418      1
      239.55952240389          -621.36691786918           667.24211759218      1
     -49.174897979657           346.75975451233           665.97497498093      1
     -177.29807457055          -488.35109752855           410.73301752679      1
     -529.11435376898           39.236430185972           127.30579303004      1
      -129.0033384938          -295.02250874451           129.00929264907      1
      557.93735583198          -382.89796866407           533.95234499002      1
     -383.32697010681            544.4341599835           509.44726179878      1
     -153.64747701558          -292.13137446307           275.75130832044      1
     -176.17694741888          -274.98556615319           676.34427561363      1
     -358.62573127932           -566.2311845298           514.43835908685      1
      410.18525365575           269.58688108292           405.93171287168      1
       570.6140798494           352.44935707875           294.12487994051      1
      491.93480544495           104.75311390055           137.95324500041      1
      115.16373329457          -305.97956514895           122.29309454248      1
       110.4861260898           666.88207698501           524.45738848099      1
      14.166211823802          -512.37290709535           130.17746411937      1
      260.09773861593          -192.09667212302           126.91099456115      1
     -522.95480102785           126.50829538515           673.78391725604      1
     -444.57312198442           -475.6482827506           129.34359899341      1
     -117.49057730126          -491.73673935575           673.12401006364      1
     -243.77365859622          -626.09231733933           512.19569980026      1
     -300.41968479162             392.620351287           309.62940723633      1
      143.24115255775          -329.24153148792           678.83844379902      1
     -281.15898669766          -136.26633777618           551.29689692185      1
      478.23784167496          -480.65425936708           288.29322154606      1
      286.87205640491          -612.17143409674           239.22005433206      1
     -125.32172540934           301.29045327499           434.28367257012      1
      309.51952112467          -96.719313635666           449.91605375951      1
     -382.64656263116            276.6946930646           264.96463478362      1
      493.97798355139           115.54495383956           353.00350185989      1
      382.48733905608           275.94202052673           539.18068481334      1
      -164.9326929744          -656.91744761113            311.5365721612      1
     -157.48152600384           657.92098762301           129.40755652126      1
      110.95580642941           672.55397447243           676.96296065784      1
      239.56867514095           629.66075472971           659.53979735664      1
     -539.25423582049           69.539348066415           516.89398869549      1
     -499.80695062554           76.735069546205           245.02074870131      1
     -202.03292727978           249.80532860308           121.03579036769      1
     -284.58372095526           612.52327137444           672.20969388343      1
      503.58641260888           63.998473538951             484.525523412      1
      467.49405609579          -48.485431610993           537.98522823608      1
      367.53972795607           377.08985829422           461.59470785953      1
     -667.66970265556          -96.815277576382           315.68101327961      1
     -245.01395999419          -208.21223985546           125.07472330518      1
      493.26441133603           471.43657595929           121.01125336861      1
      388.95110276401           357.20836464138           120.79670912636      1
      -53.29635375004           676.96821182244           289.61517889107      1
      452.14289388687          -246.89679030542           361.69597510556      1
      -155.1272623705           497.42479761551            567.7156352981      1
     -33.825508246678          -673.94546240144           450.92065837792      1
     -313.60043476173           91.015759196919            131.4283206535      1
     -216.26444049452           230.11810444121           252.13886969714      1
     -437.08130460698           270.44779714185           556.36054091148      1
      518.86305331866           63.638458085545           681.47228401712      1
      302.63939357326          -74.660444729151           120.32817378653      1
      517.66098867262          -35.404069997666           118.18371140434      1
     -601.47951811818          -312.44692611193           442.02957744158      1
      328.12096559691           431.46276786438           679.61825504155      1
      293.88788174672           -328.1696285163           495.87633572202      1
      66.549762494346          -673.19057480025           190.02021266462      1
      50.948153170495           315.61865003568           442.01620193083      1
      486.32100704845           473.91656959704           503.61949867168      1
     -370.13962749091          -237.43006957523           555.32640218196      1
       673.2531194317           19.091543558315           493.19259106584      1
     -1.0669609823423            547.2389955781           410.71750151659      1
      498.69192161822          -52.924094219538           393.68238132323      1
      -495.8352524887           168.27572453394           443.63623964503      1
       634.1786473839          -199.72586840556           120.91151775728      1
     -483.37808172862          -478.08733544901           686.17665896637      1
      -479.7052130649          -484.13602245465           431.66284886461      1
      650.23098347313            142.9522650136           296.96888275735      1
      -307.6824184031          -13.310449273206           281.74246539628      1
       228.1352242385           208.19432282444           548.12144880367      1
       474.0906048906          -331.23031139649            681.5642636008      1
     -141.95172368471           444.10235667068           684.25080185089      1
      92.453417019653           469.98618001875           688.29126647488      1
    -0.49731236126249          -394.53915016825           677.90429580954      1
     -466.34553241943          -57.741231769865           266.62386254587      1
      332.17809392837           597.69887171957           382.52957378872      1
     -349.08392675417           585.38421209033           110.95784998233      1
      590.50523473552           179.87431938563           680.47739264032      1
     -457.15732257941          -214.63840016176           377.14433834683      1
      640.10398747458          -248.93580226534           382.34268299694      1
       -304.637175241           35.861075499836           402.60921769466      1
      330.28012466535          -434.15807885848           539.00799300693      1
     -345.66305410052          -368.25830383536           519.60860156662      1
     -148.90577689629          -544.39462980517           528.47884627689      1
      230.49826595895           223.15171825424           684.96476016921      1
       419.2529950946           221.81647963415           281.70213448523      1
      -473.5696949275           497.55396157558           301.06692087184      1
      316.29441338125           7.0552807966237           565.41905833505      1
      468.59983459889          -216.87107046284           238.04812120791      1
      205.02160367032           409.32208385514           276.49742045618      1
      149.90390892367          -268.64131445993           261.17056407392      1
      299.15489436987            76.32554921832           126.01023169268      1
     -580.79724133087          -127.89767394391           506.70375102534      1
     -271.39279932075           427.92499774226           542.68747208727      1
      538.75846002065          -400.07109808408            109.8452880619      1
     -679.98257629739          -51.965296129561           548.05990465182      1
     -334.57580982496          -597.61149459852           108.57125515748      1
      243.50321952218          -521.66042280946           529.25170874825      1
      -545.5826917127          -411.07741866521           113.05799844159      1
      -316.3320248031           619.46619448539           447.22611599016      1
     -494.20782378009          -157.11258749747           602.14585959299      1
     -684.30389923312          -36.016400437606           687.54347759265      1
     -138.33823151491          -412.55258353345           270.67608084984      1
      575.21864270885           -106.1526140631           539.13757654035      1
     -512.45451582575           449.05800334312           681.63957576064      1
      183.56690771778          -398.22812620258            542.9169305781      1
      672.04811328662          -136.64025205983           337.46363135395      1
     -267.23125261471           482.27319288395           387.91330119335      1
     -303.16872920724          -469.42525361717           477.72668100002      1
     -652.84470678184           226.97193102365           106.35887724958      1
      206.33693198347          -407.71900206665           235.84404849328      1
     -529.62953908935           -430.4749600736            292.5725960195      1
      271.03808968712           376.49740765308           112.18197288345      1
     -28.554146754801          -682.67840495474           681.91233322566      1
      143.69800492935            268.6917475156           276.64303350189      1
     -681.13012294829           80.958627562277           116.48831668565      1
     -354.74810348683           117.20069934795           694.80916523627      1
     -308.91569106361          -21.587123004018           106.94771338136      1
     -291.82853723383           170.58302418997           413.57909560591      1
       679.3528415826           4.9287231846247           109.98916662946      1
     -500.77079232731           -254.8092218564           215.64823223011      1
      379.19770537024           579.75877698886           266.86868898877      1
      304.95110320154          -307.89645258578           273.05826556569      1
     -588.91263976397           313.24812176313           687.71751802171      1
     -661.74621871118          -158.92858298495           123.97052832382      1
      254.74160147572           162.49952871783            400.6378746323      1
     -75.436217682787           680.56637911635           560.40895487054      1
      493.31043437778          -284.22735981793           525.64039465107      1
     -131.41930080963          -680.51105593573           527.47512889632      1
      192.33983095893          -239.36286236124           379.60906316597      1
      208.59167916806           227.65305192278           107.77013739322      1
      385.21578913536          -580.85788315656           694.57396009764      1
      138.12142417788           680.47278156228           105.35542504577      1
      306.62024763864          -619.54261545381           559.23066349315      1
      307.04998043779           400.13715415118           567.51798715687      1
     -107.26990012162           293.00189751805           187.96066618628      1
     -31.490244465957          -520.41526875125           238.08094390443      1
      572.94075380232          -386.97083886177           694.94755886171      1
      539.08431585827          -430.44416399639           429.60912830035      1
     -371.02954167109          -403.01626912776           259.23314891886      1
     -269.89989119973           631.83841901684           555.89468103265      1
     -684.62411372361           37.488436012543           388.70505732019      1
      123.41924180889           298.32291534401           684.13248771051      1
      246.97247104042          -536.53252849012           112.77455083041      1
      -300.9720923617          -81.398648269805           414.85745592708      1
      57.341989705714           684.08393591484           375.44834326124      1
     -442.09025122952           355.82897441201           688.48734677322      1
     -113.06478032161          -283.22577807188           544.02679726186      1
      508.79767150009          -105.35751559777           244.20688501387      1
      117.76791106573          -520.07761655433           688.74543453683      1
        287.366689095           91.348142527295           301.08406881924      1
     -423.37161311309           139.61474680308           560.73028418651      1
      9.3184979129858          -303.95215748016           182.26690956115      1
      145.22944989975          -269.52408675418            580.9838764645      1
      -330.6775688543          -207.07094908686           230.49666326514      1
     -525.20752202406          -198.12701681124           114.09004145998      1
     -118.89379544836          -677.47745765863           104.56248313218      1
      151.57492129301           442.63757505799           100.94954385659      1
      195.66667583396          -542.87393548374           248.24324424887      1
     -639.55200820159           155.23063387536            558.1630105355      1
     -115.49175034024          -546.43588846421           116.62153462906      1
      41.446649325819          -398.32702697063           112.81777473676      1
      454.74113389912           372.47776900381           286.94723139163      1
      425.87155674215          -357.14967196846           110.75429639288      1
      402.11639544009          -5.8240182689543           695.31740165668      1
     -677.22724530048          -162.37169468847           406.39873353467      1
      252.39980126472           293.70498590505            348.8430469471      1
      632.87343647764          -278.95244148295           249.94077975471      1
     -277.85610084014           479.83048799499           235.59396958981      1
       530.2169493101           449.01110459846           248.88934328843      1
      552.02231413881          -172.45602314121            414.1666583797      1
     -204.05187930009           670.30290470854           395.40492275175      1
      -582.6100491318           381.51529071091           502.74481251002      1
      413.12785727481           552.46425230305           541.43418485869      1
      313.94689072355           428.79080231645           248.60764351837      1
      206.65543407431          -386.56972779509           107.34845962593      1
      170.99445169397           533.36708965442           270.48657937255      1
      650.56638205978          -199.59543320414           679.85886206024      1
     -388.03678581249          -575.94081038022           262.24501379452      1
      -420.3054627097          -25.204423895527           104.58675412095      1
      68.095340888405           554.85999463629           514.68260836115      1
      384.21496350859           573.65916009618           106.57937772875      1
      -102.4771893129           679.49630658264           695.97425208165      1
      68.323615389431          -517.81150215939           373.52296707281      1
     -539.29525055959           213.43750500702           112.12314078254      1
      421.13838191747          -150.06648400845           697.13818123256      1
      669.87502445119            184.6472760898           459.33908253758      1
     -43.523048647068          -569.59085142017           413.82604802504      1
     -409.57612844874          -564.82536832859           400.71957894731      1
     -463.91368103741          -330.09514310675           99.603293164489      1
      566.40145215528           339.69370110519           96.042288043525      1
     -236.71128954824          -359.78227593048           114.73486102863      1
     -420.53996018626           60.418072148657           319.67390907135      1
     -566.92163231224           144.41585406164           301.39642412527      1
     -689.92128693936          -6.9773270135136           251.54329761267      1
       131.4199529661           465.75947667465           563.33245463156      1
     -612.97313769332          -335.30075103038           582.98484063041      1
      78.829851911137          -608.52462010895           99.470947045724      1
      646.46787722534           268.39458653586           298.00439006714      1
     -306.71194717823           630.89528632022           249.85645846843      1
      32.793658016379          -292.10361505339           702.55560151902      1
     -159.96914891034           542.76928363541           238.74061430543      1
      226.06851560082          -188.46116860201           468.67293867396      1
     -20.750946587009           322.09298452166           110.86120301995      1
      65.850879755368           412.28564012924           362.88488581661      1
      -426.2797947529           31.764594629729           524.45299005762      1
     -550.04030549658          -12.724541334597           589.11357468433      1
      -248.0902119222            175.2293929011            581.5673880939      1
      372.73739589328          -167.20068891526           97.888337356891      1
      668.83904635026          -171.53770144869           227.41482360968      1
     -494.26751413455           288.82500452584           275.21122336792      1
      292.96210566198          -82.041666172146           232.73705034892      1
      -384.4454886549            154.0924901219           232.54058202824      1
     -272.32007714099          -518.22857337046           689.60970707673      1
      535.28907201457           118.80695390932           244.64169418231      1
       196.8426576163           665.00290767403           419.23948664873      1
     -16.459337636555           -305.9637634077           601.04887049758      1
       -224.581511732          -210.98861598496           256.92539759643      1
      223.14990489796           532.49648002216           565.37684446656      1
     -78.171687648058           572.63951187146           694.72269841854      1
      258.75394969275          -152.55977646303           370.31242409991      1
      472.60879240191           316.39169459368           691.65255620142      1
      51.845670650625          -476.48567889124           551.62097485676      1
      272.01640346736            508.3497414344           408.37315820156      1
     -223.45906961202           366.08079660349           693.84526239489      1
     -559.16932701423           414.23645894714           132.84540354499      1
      632.81154536182           269.52249480452           541.57809803082      1
     -326.55782531321          -295.12361535875            692.4052060921      1
      519.92084829283           129.83820244778            573.8920032749      1
      479.09166920772           296.65204875991            488.6189286538      1
      299.66445718616          -499.18532492324           381.81551193787      1
     -239.76625693559          -647.89571031803            390.8720927287      1
      94.682004436296          -280.09926771736           355.86803706462      1
     -55.439526733662           561.86490930425           96.287134475471      1
       182.4383053313           247.07775459916           419.60721991907      1
      118.56552453179          -683.86071595263           506.43029160811      1
     -616.29902340634           305.58508329035           578.76493258006      1
     -300.89300583742          -283.05102325305           444.93630777733      1
     -330.66454044473           397.60973683155           414.25121869184      1
     -353.12963765342          -216.56642844438           353.99076249277      1
      120.02932404362           693.00220772163           228.97022317347      1
     -70.374839694821            394.3601316386           291.13334695452      1
     -154.05622813618          -264.76055622514           408.56272991774      1
      489.84218805173           506.10128717868           398.64554694884      1
      673.07745750061           172.33810755552           104.99527218792      1
      374.62005284283          -276.53235036091           545.52755928671      1
     -417.16227213027           565.01521452454            703.4188741291      1
       302.8130781544          -286.88327728455           698.10291141406      1
     -412.03060915312          -90.545023346689           453.44765248001      1
        427.063752885          -556.12000204926            404.5712745431      1
     -334.88957907523          -443.08405065464           597.55336832596      1
      148.90048790443          -691.35075284728           397.68954081826      1
      266.98760159833          -644.38757203641           107.53658866961      1
      100.31893246954           287.60918992066           125.47615403845      1
      425.52660450904          -552.62512270751            216.6872765129      1
      4.8290263805879          -693.72120238518           100.60780056749      1
     -107.34518547067          -413.94277732853           478.46562006493      1
     -210.86197605816          -211.25840762735           592.01697994586      1
      61.786728463616            574.2348225728           695.79407341629      1
     -247.19721527566          -171.24774436816           427.39015674881      1
       66.08516190932          -296.19641235697           460.16659978905      1
      214.82528036975           657.11948211138           556.40643047394      1
     -422.93127322611          -151.72646986198           105.54724131231      1
      299.91542678685          -42.922785691668           698.09665250437      1
      299.93755877822           50.782900016148           404.94607628409      1
     -294.32409763426           303.11396860151            104.5890089914      1
     -569.64738212376           415.18818324926           398.62594605042      1
     -663.44642470203          -199.79391482228           685.90628576338      1
     -456.66639308668          -152.61916739952           707.63609079658      1
      -376.8072929726           211.89387855203           91.020069724247      1
     -683.87432127282          -154.94184112187           512.66451221564      1
      -195.3926956239           223.51304460481           396.34829355083      1
     -229.61657440008          -352.78983203757           355.26377599413      1
     -67.917908991291           433.39113264922           576.86533896578      1
     -47.428837867506           290.33948875197           353.60583540708      1
      684.82331535912          -115.47883677346           512.76213933273      1
     -527.52204325626          -169.91875687254           313.13066104571      1
     -141.48667527121           394.07413658863           373.58623871074      1
      457.12695197415           532.04381663236           208.82478939222      1
     -623.19145569783          -314.53767744402           695.51352636689      1
     -478.79700544809          -516.47825030652           229.40889613419      1
      619.06847076157           326.30867717451           704.90592210652      1
     -64.570189052536           694.00395121687           170.83725868178      1
     -68.154930670223           704.18849841012           397.09084921492      1
      296.15860232093          -640.76428190921           409.19596882672      1
      353.95972358227           168.28885620216           103.40009805911      1
     -414.62135719627          -401.91137771538           446.58927673549      1
      367.50372447653          -404.60723135454            218.9509773401      1
     -73.970749882234          -304.55530742796           693.89853120557      1
      460.00156583762          -354.28916176963           362.83278216863      1
     -372.33575213985           586.05862615145           345.35421502667      1
      51.072511276782          -435.53378992441           304.80276852701      1
     -663.69079239621           224.68934096238           388.28622097029      1
      51.020349714264          -700.30818653671           357.05563344269      1
      366.20668112906           589.79207393286            696.4449764278      1
     -508.38865878367          -268.25343135707           457.15264885711      1
     -674.99459077186          -203.67580288071            307.2366488167      1
       384.9156385587           409.42999666775           360.26200651734      1
     -261.75431164009            647.8752278504           101.85131666802      1
     -272.36861365489           128.39126804354           222.63727522389      1
     -131.36798204899           396.64360716276           496.29252107446      1
      294.83683506886          -348.58457750763           393.66951748948      1
      240.38614628671           658.10366515958           128.56666933288      1
      501.69340582171           213.32529350143           397.59202105881      1
      501.67142576285          -223.74690409677           702.84793100397      1
     -138.89844194538           362.35307419642           107.56001737916      1
      222.01223070189           347.76436549638           450.95647295261      1
      -284.4413496593           311.55777188952           242.14679493308      1
     -22.755541183644              461.66846922           97.365130530633      1
     -167.91076959476          -452.67830217014           580.31342059186      1
      264.72775217399           165.64028547564           176.25140006034      1
     -319.65219423679          -507.82728323673           306.28081257927      1
      595.49045136035           359.53938474224           397.27454244735      1
     -368.07837182227           205.18162781863           339.89147762262      1
     -120.99385714608            270.7727213154           624.47573938203      1
     -688.51624111593           114.13205864493           698.32776810775      1
      -673.6070733568           194.79034094652            244.9246391849      1
      376.15409067649          -230.41647522783           289.01947580464      1
      405.58262702648          -575.96397143077           591.17805993974      1
      467.90641134748          -253.42738731812           106.66250892053      1
     -372.93350680985           266.49132317323           697.82034425028      1
     -516.92604545517          -474.58529653413           586.18480023869      1
     -521.91562383966           204.80067724187           216.50103728081      1
      696.13141150022            37.89455757679           385.71317458444      1
      702.18378894751           38.629020233666           224.02038533609      1
      296.63391463449           510.78105806803           99.243100808332      1
     -164.99923641404           437.31087714854           203.73661892899      1
      371.26173787182           -182.7580319337            460.0457082439      1
     -107.27985101157          -420.98711842053           96.542425747522      1
     -314.03805666915          -286.79987538871           102.22963789826      1
      285.42333785025          -477.07871314188           708.98231680381      1
     -355.47059892185          -92.977378595686           713.52648788694      1
     -444.07239715541          -46.881198076002           586.80461303155      1
      577.28991371613          -87.515741006978           329.83664093623      1
     -59.459477916189          -598.79793046847            519.7166189781      1
      -590.4805305409           30.379334926676            430.8380336088      1
     -580.52845486419          -381.23278058176           210.90261470435      1
      279.06661620084          -287.70515295638           94.852199024352      1
      -617.4053271248           342.41686969146           249.86077152924      1
     -226.71085004341           447.83554707228           98.024640103357      1
      176.64801003638          -227.37459285521           177.82281325443      1
      692.28383860586         0.047763454446027           597.51944769276      1
     -46.151668666345          -285.20490651469           395.54629556825      1
     -688.13761373041           159.39459279927           465.91593162111      1
     -30.653999976613          -412.84003166684           558.57433604094      1
     -550.80921666246           26.531893572207           702.11434891354      1
      623.64535282741          -314.96126584845           487.14052423319      1
      193.33492246387           542.02930679272           92.911553748764      1
      561.36796307461          -39.004282177306           707.07743670124      1
      432.67233484336           74.158664472238            274.2271922012      1
     -11.887297683385          -424.66669269203           432.23702243758      1
      602.39201234089           334.37389595325           195.11624344705      1
     -337.20765003103           -616.2276508615           707.66163484624      1
     -341.64366956637          -619.70564361944           602.98644075221      1
      170.95236199981          -669.24751850028           599.40234540196      1
     -259.10076520337          -656.50037459353           87.186353186226      1
     -466.90826967711          -322.99820303677           706.90367029757      1
     -133.88674095229          -675.00660535299           210.61065798852      1
      447.87558869399          -542.84874048588           87.527879338731      1
      -352.3361643147           195.36837520663           508.03343103164      1
      429.13149257273          -165.34588867266            593.8318056808      1
     -155.13816985871          -679.35832692676           694.03313657115      1
      25.058392183594           705.27871434089           569.38146403753      1
      145.05080858482          -685.95263284668           89.286968720874      1
     -283.49347514584            326.1114981734           565.87620596792      1
      371.16374031397          -471.84421304905           96.408909877699      1
      317.58295320198           627.74135250466           559.15122742744      1
      -370.4367690509          -84.817057845609           245.07043237407      1
     -688.03138731423          -104.48121664749           213.16050857665      1
      364.59108159534           193.35160649488           463.13361442542      1
     -7.7704319425126           484.56453488165            216.7778263401      1
     -279.41210098654           95.490337843506           481.07245896016      1
      291.06956113588           635.89034092376           272.15814665762      1
      411.39895721551            100.8456728688           702.65947836533      1
     -182.29962210856           538.00522693708           702.94967317046      1
      169.48043277455          -382.20026098029           414.24186158857      1
     -417.59611683427           -13.88576400064           709.90987871735      1
     -533.81453931133           281.86016943788           520.22828296015      1
      51.062893808578           297.26520885594           545.45720271801      1
      113.16481296089           369.10330925622            248.8879595753      1
      428.05304460765           409.79344023476           696.15203519619      1
     -335.11259382965           447.63713069082            700.2533543922      1
      541.29519414437          -438.67114155093           211.68315629644      1
       35.48228268667          -564.56266317763            501.8070287247      1
     -622.40844664362           318.66948207441           382.37439898085      1
     -274.61149124843          -102.13961973817           643.81853899974      1
      23.088085325657          -596.57018814426           707.65215645709      1
     -369.26150374099           587.87848239496           608.34279753492      1
      19.667004252408           551.73243249477           605.03223381703      1
     -273.29211101756          -509.39745868432           101.28616271811      1
     -468.19496293205          -378.71202718592           587.83737257755      1
     -420.28485501527           392.52294207496           593.47170023456      1
     -400.32861631755           406.70812754948           93.049519552531      1
      174.83343015828           559.21016199135           702.06147297066      1
     -526.09033716258           229.78379197665           368.41757086363      1
     -194.18995121329           558.32214596619           408.63930761707      1
     -21.741414115096           432.73159268071           485.26285641212      1
      522.47692400525          -469.30691240222           580.73853759202      1
      161.81459521164           526.16070305382           482.77681040127      1
      380.27721584952           216.39289080446           703.34377968303      1
       287.2604030442          -92.014138654866           551.56302289964      1
     -493.36378973014           337.16970962088           90.620557108897      1
      97.076748905226          -418.90708173794            708.6500546841      1
      565.20371633276           169.42563444723           479.60151613796      1
      210.22515782628          -523.46947068839             433.655966373      1
      581.38589942491           11.500839090703           364.92488003656      1
      74.613171567641           534.67578890134           343.01782798202      1
     -582.57448668735          -96.236996784814           94.279603798411      1
      473.16964360658           246.61894032332           578.62007716392      1
     -244.95371527835           160.34668801847           110.55287914008      1
      45.249459375882          -453.30214046876           205.73379742182      1
      132.10289010557            495.1398662517           185.24094932227      1
      620.96931044471          -344.40938907654           91.744504035144      1
      287.94779819745           522.86034204057            706.9571548515      1
      270.36739056469           110.37726524331           591.55127405754      1
       -438.790605104          -549.35513579009           573.58417949817      1
      20.956126416403          -607.89942296214           254.65075035323      1
     -405.81894773787          -132.46444544571           355.60970677304      1
      -54.42011545365          -710.04688795319           586.37692030141      1
      306.59047311862            497.9347775121           516.89174042581      1
     -500.44139368022           485.69632562129           580.81427087965      1
      419.50840656102           108.46953298814           446.38711964012      1
     -284.52389780468          -2.5068730230197           577.20595028782      1
     -350.36061224385           -452.7102891889           706.27638395865      1
      228.42838515056          -666.43945150089           301.88501259163      1
     -370.30668155282          -310.22642937222           219.49404063945      1
     -298.49914136301           199.50057320068           711.42849669504      1
      508.38942390897           486.24586380091           602.82049664696      1
      550.88376710068           441.68433121942           348.45697196748      1
     -594.43456388978           40.837034461115           205.95013181237      1
     -235.07527275831           -533.8528291036           211.82996777986      1
      100.77596881143          -393.43627748534           485.92690046926      1
     -268.74013091901          -462.39188525394           379.46921447135      1
        283.364189277            293.0523166534           551.08648510028      1
     -305.06764680818          -313.98392101689           303.02484538353      1
     -596.74143602033          -376.65093363853           364.92817288659      1
      243.87061850326          -369.80733326831           705.90872729018      1
      391.50015989955           146.69440054053           552.55923494717      1
     -231.83273265853           545.04276191406           84.839993639727      1
     -472.89417669206           535.70636942583           394.51662704155      1
      431.21341128591          -84.511539691729            98.86613771439      1
     -589.96065129226            112.9669305891           87.649882115836      1
      156.40209947918           392.44954729888           704.68745216949      1
      66.632307693251           291.69219739577           346.06362576561      1
      384.53864524214          -105.62278125511           524.80568190879      1
      318.57746380562          -70.118307884068           349.90474351692      1
      -71.95500619946          -525.76338461157           589.26296942848      1
 Edges
 144
 1 5 0
 5 6 0
 6 7 0
 7 8 0
 8 9 0
 9 10 0
 10 11 0
 11 12 0
 12 13 0
 13 14 0
 14 15 0
 15 16 0
 16 1 0
 2 17 0
 17 18 0
 18 19 0
 19 20 0
 20 21 0
 21 22 0
 22 23 0
 23 24 0
 24 25 0
 25 26 0
 26 27 0
 27 28 0
 28 29 0
 29 30 0
 30 31 0
 31 32 0
 32 33 0
 33 34 0
 34 35 0
 35 36 0
 36 37 0
 37 38 0
 38 39 0
 39 40 0
 40 41 0
 41 42 0
 42 43 0
 43 44 0
 44 45 0
 45 46 0
 46 47 0
 47 48 0
 48 49 0
 49 50 0
 50 51 0
 51 52 0
 52 53 0
 53 54 0
 54 55 0
 55 56 0
 56 57 0
 57 58 0
 58 59 0
 59 60 0
 60 61 0
 61 62 0
 62 63 0
 63 64 0
 64 65 0
 65 66 0
 66 2 0
 2 67 0
 67 68 0
 68 69 0
 69 70 0
 70 71 0
 71 72 0
 72 73 0
 73 3 0
 3 74 0
 74 75 0
 75 76 0
 76 77 0
 77 78 0
 78 79 0
 79 80 0
 80 81 0
 81 82 0
 82 83 0
 83 84 0
 84 85 0
 85 86 0
 86 87 0
 87 88 0
 88 89 0
 89 90 0
 90 91 0
 91 92 0
 92 93 0
 93 94 0
 94 95 0
 95 96 0
 96 97 0
 97 98 0
 98 99 0
 99 100 0
 100 101 0
 101 102 0
 102 103 0
 103 104 0
 104 105 0
 105 106 0
 106 107 0
 107 108 0
 108 109 0
 109 110 0
 110 111 0
 111 112 0
 112 113 0
 113 114 0
 114 115 0
 115 116 0
 116 117 0
 117 118 0
 118 119 0
 119 120 0
 120 121 0
 121 122 0
 122 123 0
 123 3 0
 1 124 0
 124 125 0
 125 126 0
 126 127 0
 127 128 0
 128 129 0
 129 130 0
 130 4 0
 4 131 0
 131 132 0
 132 133 0
 133 134 0
 134 135 0
 135 136 0
 136 137 0
 137 138 0
 138 139 0
 139 140 0
 140 141 0
 141 142 0
 142 4 0
 Triangles
 2258
 1 357 5 0
 16 148 1 0
 148 168 1 0
 168 357 1 0
 17 320 2 0
 2 167 66 0
 2 320 167 0
 5 300 6 0
 169 300 5 0
 5 357 169 0
 6 147 7 0
 6 300 147 0
 7 181 8 0
 147 181 7 0
 8 145 9 0
 8 295 145 0
 181 295 8 0
 9 187 10 0
 145 187 9 0
 10 143 11 0
 10 296 143 0
 187 296 10 0
 11 240 12 0
 143 240 11 0
 12 144 13 0
 12 285 144 0
 240 285 12 0
 13 343 14 0
 144 175 13 0
 175 343 13 0
 14 146 15 0
 14 343 146 0
 15 239 16 0
 146 239 15 0
 16 284 148 0
 239 284 16 0
 18 155 17 0
 155 320 17 0
 19 329 18 0
 18 329 155 0
 20 310 19 0
 310 329 19 0
 21 149 20 0
 149 310 20 0
 22 318 21 0
 21 318 149 0
 23 289 22 0
 289 318 22 0
 24 156 23 0
 156 289 23 0
 25 262 24 0
 24 262 156 0
 26 342 25 0
 25 342 262 0
 27 161 26 0
 161 342 26 0
 28 311 27 0
 27 311 161 0
 29 312 28 0
 28 312 311 0
 30 153 29 0
 153 312 29 0
 31 336 30 0
 30 336 153 0
 32 294 31 0
 294 336 31 0
 33 159 32 0
 159 294 32 0
 34 308 33 0
 33 308 159 0
 35 165 34 0
 165 308 34 0
 36 321 35 0
 35 321 165 0
 37 288 36 0
 288 321 36 0
 38 151 37 0
 151 288 37 0
 39 337 38 0
 38 337 151 0
 40 305 39 0
 305 337 39 0
 41 163 40 0
 163 305 40 0
 42 328 41 0
 41 328 163 0
 43 160 42 0
 160 328 42 0
 44 260 43 0
 43 260 160 0
 45 325 44 0
 44 325 260 0
 46 150 45 0
 150 325 45 0
 47 315 46 0
 46 315 150 0
 48 313 47 0
 313 315 47 0
 49 164 48 0
 164 313 48 0
 50 307 49 0
 49 307 164 0
 51 158 50 0
 158 307 50 0
 52 355 51 0
 51 355 158 0
 53 298 52 0
 298 355 52 0
 54 152 53 0
 152 298 53 0
 55 334 54 0
 54 334 152 0
 56 316 55 0
 316 334 55 0
 57 166 56 0
 166 316 56 0
 58 309 57 0
 57 309 166 0
 59 157 58 0
 157 309 58 0
 60 352 59 0
 59 352 157 0
 61 302 60 0
 302 352 60 0
 62 154 61 0
 154 302 61 0
 63 323 62 0
 62 323 154 0
 64 281 63 0
 281 323 63 0
 65 162 64 0
 162 281 64 0
 66 306 65 0
 65 306 162 0
 167 306 66 0
 143 354 240 0
 296 322 143 0
 322 354 143 0
 144 176 175 0
 144 177 176 0
 144 285 177 0
 145 188 187 0
 145 317 188 0
 295 317 145 0
 238 266 146 0
 146 343 238 0
 146 353 239 0
 266 353 146 0
 147 182 181 0
 147 184 182 0
 147 216 184 0
 147 300 216 0
 148 170 168 0
 148 171 170 0
 148 284 171 0
 149 319 310 0
 149 318 314 0
 314 319 149 0
 259 325 150 0
 150 349 259 0
 315 349 150 0
 287 288 151 0
 151 304 287 0
 151 337 304 0
 241 243 152 0
 152 245 241 0
 243 298 152 0
 152 334 245 0
 153 292 291 0
 291 312 153 0
 153 336 292 0
 154 323 276 0
 276 356 154 0
 154 356 302 0
 237 253 155 0
 155 254 237 0
 253 320 155 0
 155 329 254 0
 156 262 261 0
 261 263 156 0
 263 289 156 0
 301 335 157 0
 157 352 301 0
 157 335 309 0
 283 324 158 0
 158 355 283 0
 158 324 307 0
 159 308 257 0
 257 339 159 0
 159 339 294 0
 260 333 160 0
 271 328 160 0
 160 333 271 0
 250 252 161 0
 161 351 250 0
 252 342 161 0
 311 351 161 0
 162 278 275 0
 275 281 162 0
 162 306 278 0
 163 328 271 0
 271 348 163 0
 163 348 305 0
 265 297 164 0
 164 307 265 0
 297 313 164 0
 255 257 165 0
 165 350 255 0
 257 308 165 0
 321 350 165 0
 166 290 286 0
 286 316 166 0
 166 309 290 0
 253 280 167 0
 167 320 253 0
 280 306 167 0
 168 269 169 0
 169 357 168 0
 170 269 168 0
 269 331 169 0
 169 331 282 0
 282 344 169 0
 169 344 300 0
 171 172 170 0
 172 174 170 0
 174 269 170 0
 171 173 172 0
 171 193 173 0
 171 284 193 0
 173 274 172 0
 172 209 174 0
 172 274 209 0
 193 194 173 0
 194 203 173 0
 203 274 173 0
 209 210 174 0
 210 211 174 0
 211 269 174 0
 176 178 175 0
 178 238 175 0
 238 343 175 0
 177 179 176 0
 176 248 178 0
 179 248 176 0
 177 180 179 0
 177 196 180 0
 177 285 196 0
 178 327 238 0
 248 340 178 0
 178 340 327 0
 180 264 179 0
 179 249 248 0
 179 264 249 0
 196 197 180 0
 197 208 180 0
 208 264 180 0
 182 183 181 0
 183 295 181 0
 182 185 183 0
 184 303 182 0
 182 303 185 0
 185 186 183 0
 186 224 183 0
 224 295 183 0
 216 217 184 0
 217 332 184 0
 184 332 303 0
 185 212 186 0
 185 213 212 0
 185 303 213 0
 212 214 186 0
 214 330 186 0
 186 330 224 0
 188 189 187 0
 189 296 187 0
 188 190 189 0
 188 192 190 0
 188 317 192 0
 190 191 189 0
 191 204 189 0
 204 296 189 0
 190 279 191 0
 192 206 190 0
 206 279 190 0
 191 205 204 0
 191 225 205 0
 191 279 225 0
 192 207 206 0
 192 326 207 0
 317 326 192 0
 193 195 194 0
 193 346 195 0
 284 346 193 0
 195 199 194 0
 199 277 194 0
 194 277 203 0
 195 200 199 0
 195 229 200 0
 195 346 229 0
 196 198 197 0
 196 347 198 0
 285 347 196 0
 198 201 197 0
 201 272 197 0
 197 272 208 0
 198 202 201 0
 198 236 202 0
 198 347 236 0
 200 267 199 0
 267 268 199 0
 268 277 199 0
 229 230 200 0
 230 231 200 0
 231 267 200 0
 202 226 201 0
 226 259 201 0
 259 272 201 0
 202 227 226 0
 202 345 227 0
 236 345 202 0
 203 275 274 0
 203 276 275 0
 203 277 276 0
 205 247 204 0
 247 322 204 0
 204 322 296 0
 225 228 205 0
 228 270 205 0
 205 270 247 0
 207 255 206 0
 255 256 206 0
 256 279 206 0
 207 257 255 0
 207 258 257 0
 207 326 258 0
 208 297 264 0
 272 273 208 0
 273 297 208 0
 209 280 210 0
 274 278 209 0
 278 280 209 0
 210 237 211 0
 210 253 237 0
 210 280 253 0
 237 299 211 0
 211 299 246 0
 246 331 211 0
 211 331 269 0
 213 215 212 0
 212 291 214 0
 215 291 212 0
 213 250 215 0
 213 251 250 0
 213 303 251 0
 291 292 214 0
 292 293 214 0
 293 330 214 0
 250 351 215 0
 215 312 291 0
 215 351 312 0
 216 218 217 0
 216 344 218 0
 300 344 216 0
 218 219 217 0
 219 221 217 0
 221 332 217 0
 218 220 219 0
 218 282 220 0
 218 344 282 0
 220 222 219 0
 219 341 221 0
 222 341 219 0
 220 223 222 0
 220 246 223 0
 220 282 246 0
 221 252 251 0
 251 332 221 0
 221 261 252 0
 221 341 261 0
 223 314 222 0
 222 338 263 0
 263 341 222 0
 314 338 222 0
 246 299 223 0
 299 319 223 0
 223 319 314 0
 224 317 295 0
 224 326 317 0
 224 330 326 0
 225 304 228 0
 279 287 225 0
 287 304 225 0
 227 333 226 0
 226 260 259 0
 226 333 260 0
 247 270 227 0
 227 345 247 0
 270 271 227 0
 271 333 227 0
 228 348 270 0
 304 305 228 0
 305 348 228 0
 229 266 230 0
 229 353 266 0
 346 353 229 0
 230 232 231 0
 230 233 232 0
 230 266 233 0
 232 290 231 0
 231 335 267 0
 290 335 231 0
 233 234 232 0
 234 286 232 0
 286 290 232 0
 233 235 234 0
 233 327 235 0
 266 327 233 0
 235 241 234 0
 241 245 234 0
 245 286 234 0
 235 242 241 0
 235 340 242 0
 327 340 235 0
 322 345 236 0
 236 354 322 0
 347 354 236 0
 254 299 237 0
 238 327 266 0
 239 346 284 0
 239 353 346 0
 240 347 285 0
 240 354 347 0
 242 243 241 0
 242 244 243 0
 242 248 244 0
 242 340 248 0
 244 283 243 0
 283 298 243 0
 248 249 244 0
 249 324 244 0
 244 324 283 0
 245 316 286 0
 245 334 316 0
 282 331 246 0
 247 345 322 0
 264 265 249 0
 265 324 249 0
 251 252 250 0
 303 332 251 0
 261 262 252 0
 262 342 252 0
 254 319 299 0
 310 319 254 0
 254 329 310 0
 255 350 256 0
 256 287 279 0
 256 288 287 0
 256 350 288 0
 258 339 257 0
 258 330 293 0
 293 339 258 0
 326 330 258 0
 260 325 259 0
 259 349 272 0
 261 341 263 0
 263 338 289 0
 264 297 265 0
 307 324 265 0
 267 301 268 0
 267 335 301 0
 268 356 277 0
 301 302 268 0
 302 356 268 0
 270 348 271 0
 272 349 273 0
 273 313 297 0
 273 315 313 0
 273 349 315 0
 275 278 274 0
 276 281 275 0
 277 356 276 0
 276 323 281 0
 278 306 280 0
 283 355 298 0
 288 350 321 0
 289 338 318 0
 309 335 290 0
 292 294 293 0
 292 336 294 0
 294 339 293 0
 301 352 302 0
 304 337 305 0
 312 351 311 0
 318 338 314 0
 2 17 774 0
 66 2 778 0
 67 2 774 0
 2 67 778 0
 73 3 776 0
 3 73 777 0
 74 3 777 0
 3 123 776 0
 17 18 788 0
 774 17 788 0
 18 19 399 0
 18 399 788 0
 19 20 758 0
 399 19 758 0
 20 21 369 0
 20 369 758 0
 21 22 672 0
 369 21 672 0
 22 23 693 0
 672 22 693 0
 23 24 365 0
 23 365 693 0
 24 25 679 0
 365 24 679 0
 25 26 686 0
 679 25 686 0
 26 27 367 0
 26 367 686 0
 27 28 670 0
 367 27 670 0
 28 29 390 0
 28 390 670 0
 29 30 673 0
 390 29 673 0
 30 31 378 0
 30 378 673 0
 31 32 668 0
 378 31 668 0
 32 33 688 0
 668 32 688 0
 33 34 368 0
 33 368 688 0
 34 35 730 0
 368 34 730 0
 35 36 713 0
 35 713 730 0
 36 37 361 0
 36 361 713 0
 37 38 587 0
 361 37 587 0
 38 39 754 0
 587 38 754 0
 39 40 394 0
 39 394 754 0
 40 41 723 0
 394 40 723 0
 41 42 362 0
 41 362 723 0
 42 43 669 0
 362 42 669 0
 43 44 393 0
 43 393 669 0
 44 45 667 0
 393 44 667 0
 45 46 363 0
 45 363 667 0
 46 47 675 0
 363 46 675 0
 47 48 395 0
 47 395 675 0
 48 49 664 0
 395 48 664 0
 49 50 690 0
 664 49 690 0
 50 51 358 0
 50 358 690 0
 51 52 654 0
 358 51 654 0
 52 53 691 0
 654 52 691 0
 53 54 364 0
 53 364 691 0
 54 55 789 0
 364 54 789 0
 55 56 768 0
 583 55 768 0
 55 583 789 0
 56 57 375 0
 56 375 768 0
 57 58 751 0
 375 57 751 0
 58 59 391 0
 58 391 751 0
 59 60 656 0
 391 59 656 0
 60 61 360 0
 60 360 656 0
 61 62 655 0
 360 61 655 0
 62 63 772 0
 655 62 772 0
 63 64 384 0
 63 384 772 0
 64 65 765 0
 384 64 765 0
 65 66 599 0
 65 599 765 0
 599 66 778 0
 67 68 400 0
 68 67 741 0
 67 400 778 0
 741 67 774 0
 69 68 386 0
 68 69 402 0
 386 68 741 0
 400 68 402 0
 69 70 382 0
 70 69 591 0
 69 382 402 0
 69 386 591 0
 71 70 383 0
 70 71 589 0
 382 70 589 0
 383 70 591 0
 71 72 385 0
 72 71 750 0
 71 383 750 0
 71 385 589 0
 73 72 401 0
 72 73 600 0
 385 72 600 0
 401 72 750 0
 73 401 777 0
 600 73 776 0
 75 74 710 0
 710 74 777 0
 76 75 694 0
 694 75 710 0
 77 76 396 0
 396 76 694 0
 78 77 683 0
 77 396 683 0
 79 78 381 0
 381 78 683 0
 80 79 677 0
 79 381 677 0
 81 80 684 0
 80 677 684 0
 82 81 379 0
 379 81 684 0
 83 82 681 0
 82 379 681 0
 84 83 392 0
 392 83 681 0
 85 84 666 0
 84 392 666 0
 86 85 687 0
 85 666 687 0
 87 86 366 0
 366 86 687 0
 88 87 579 0
 87 366 579 0
 89 88 742 0
 88 579 742 0
 90 89 380 0
 380 89 742 0
 91 90 689 0
 90 380 689 0
 92 91 659 0
 659 91 689 0
 93 92 377 0
 377 92 659 0
 94 93 767 0
 93 377 767 0
 95 94 397 0
 397 94 767 0
 96 95 740 0
 95 397 740 0
 97 96 372 0
 372 96 740 0
 98 97 721 0
 97 372 721 0
 99 98 389 0
 389 98 721 0
 100 99 663 0
 99 389 663 0
 101 100 373 0
 373 100 663 0
 102 101 680 0
 101 373 680 0
 103 102 738 0
 102 680 738 0
 104 103 388 0
 388 103 738 0
 105 104 662 0
 104 388 662 0
 106 105 371 0
 371 105 662 0
 107 106 622 0
 106 371 622 0
 108 107 744 0
 107 622 744 0
 109 108 374 0
 374 108 744 0
 110 109 770 0
 109 374 770 0
 111 110 781 0
 618 110 770 0
 110 618 781 0
 112 111 376 0
 376 111 781 0
 113 112 657 0
 112 376 657 0
 114 113 682 0
 113 657 682 0
 115 114 359 0
 359 114 682 0
 116 115 660 0
 115 359 660 0
 117 116 387 0
 387 116 660 0
 118 117 729 0
 117 387 729 0
 119 118 707 0
 707 118 729 0
 120 119 370 0
 370 119 707 0
 121 120 695 0
 120 370 695 0
 122 121 398 0
 398 121 695 0
 123 122 709 0
 122 398 709 0
 123 709 776 0
 358 654 759 0
 690 358 802 0
 358 759 802 0
 660 359 661 0
 661 359 773 0
 359 682 773 0
 360 561 656 0
 561 360 736 0
 360 655 736 0
 361 559 713 0
 559 361 755 0
 361 587 755 0
 362 669 734 0
 723 362 783 0
 362 734 783 0
 667 363 766 0
 363 675 676 0
 363 676 766 0
 691 364 692 0
 692 364 722 0
 722 364 789 0
 365 679 801 0
 693 365 743 0
 743 365 801 0
 579 366 735 0
 366 687 790 0
 735 366 790 0
 367 670 671 0
 367 671 756 0
 686 367 756 0
 636 368 730 0
 368 636 737 0
 688 368 737 0
 369 573 584 0
 573 369 728 0
 369 584 758 0
 369 672 728 0
 695 370 748 0
 370 707 794 0
 748 370 794 0
 622 371 733 0
 371 662 800 0
 733 371 800 0
 568 372 575 0
 372 568 576 0
 575 372 740 0
 372 576 721 0
 373 663 786 0
 680 373 745 0
 745 373 786 0
 570 374 571 0
 374 570 588 0
 571 374 744 0
 374 588 770 0
 375 574 613 0
 574 375 751 0
 582 375 613 0
 375 582 768 0
 657 376 658 0
 658 376 711 0
 711 376 781 0
 578 377 581 0
 377 578 767 0
 581 377 760 0
 377 659 760 0
 378 668 762 0
 673 378 761 0
 378 700 761 0
 700 378 762 0
 681 379 775 0
 379 684 685 0
 379 685 775 0
 380 565 638 0
 565 380 742 0
 380 638 727 0
 689 380 727 0
 677 381 678 0
 678 381 719 0
 381 683 719 0
 402 382 403 0
 403 382 404 0
 404 382 589 0
 383 569 750 0
 569 383 784 0
 383 591 752 0
 383 752 784 0
 384 594 595 0
 594 384 765 0
 384 595 596 0
 384 596 772 0
 589 385 605 0
 385 600 601 0
 385 601 605 0
 591 386 592 0
 592 386 771 0
 386 741 771 0
 387 660 717 0
 387 717 785 0
 729 387 785 0
 662 388 718 0
 718 388 792 0
 388 738 792 0
 663 389 726 0
 389 721 780 0
 726 389 780 0
 670 390 725 0
 390 673 674 0
 390 674 725 0
 391 572 574 0
 572 391 732 0
 391 574 751 0
 391 656 732 0
 666 392 795 0
 392 681 731 0
 392 731 795 0
 393 667 757 0
 669 393 793 0
 393 757 793 0
 562 394 563 0
 394 562 754 0
 563 394 564 0
 564 394 723 0
 395 664 665 0
 395 665 724 0
 675 395 724 0
 683 396 791 0
 396 694 739 0
 396 739 791 0
 575 397 577 0
 397 575 740 0
 577 397 578 0
 578 397 767 0
 398 601 709 0
 601 398 749 0
 398 695 749 0
 399 584 585 0
 584 399 758 0
 399 585 586 0
 399 586 788 0
 400 402 593 0
 400 593 599 0
 400 599 778 0
 710 401 769 0
 401 710 777 0
 401 750 769 0
 402 403 593 0
 403 404 405 0
 403 405 525 0
 403 525 593 0
 405 404 406 0
 406 404 605 0
 404 589 605 0
 405 406 407 0
 405 407 651 0
 525 405 651 0
 407 406 408 0
 408 406 541 0
 541 406 605 0
 407 408 409 0
 407 409 410 0
 407 410 651 0
 409 408 604 0
 408 541 552 0
 408 552 604 0
 410 409 411 0
 411 409 412 0
 412 409 604 0
 410 411 606 0
 597 410 606 0
 410 597 651 0
 411 412 413 0
 411 413 414 0
 411 414 606 0
 413 412 513 0
 513 412 556 0
 556 412 604 0
 414 413 415 0
 415 413 602 0
 413 513 602 0
 414 415 416 0
 414 416 524 0
 414 524 606 0
 416 415 417 0
 417 415 418 0
 418 415 602 0
 416 417 608 0
 524 416 561 0
 561 416 608 0
 417 418 419 0
 417 419 420 0
 417 420 608 0
 419 418 610 0
 418 602 603 0
 418 603 610 0
 420 419 421 0
 421 419 422 0
 422 419 610 0
 420 421 522 0
 420 522 572 0
 420 572 608 0
 421 422 423 0
 421 423 612 0
 522 421 612 0
 423 422 424 0
 424 422 539 0
 539 422 610 0
 423 424 425 0
 423 425 426 0
 423 426 612 0
 425 424 517 0
 517 424 696 0
 424 539 696 0
 426 425 427 0
 427 425 611 0
 425 517 611 0
 426 427 428 0
 426 428 527 0
 426 527 612 0
 428 427 429 0
 429 427 430 0
 430 427 611 0
 428 429 614 0
 527 428 537 0
 537 428 614 0
 429 430 431 0
 429 431 615 0
 614 429 615 0
 431 430 432 0
 432 430 535 0
 535 430 611 0
 431 432 433 0
 431 433 434 0
 431 434 615 0
 433 432 617 0
 432 535 536 0
 432 536 617 0
 434 433 435 0
 435 433 436 0
 436 433 617 0
 434 435 619 0
 615 434 616 0
 616 434 619 0
 435 436 437 0
 435 437 438 0
 435 438 619 0
 437 436 448 0
 448 436 570 0
 570 436 617 0
 438 437 439 0
 439 437 620 0
 437 448 620 0
 438 439 440 0
 438 440 540 0
 438 540 619 0
 440 439 441 0
 441 439 442 0
 442 439 620 0
 440 441 516 0
 440 516 697 0
 540 440 697 0
 441 442 443 0
 441 443 623 0
 516 441 623 0
 443 442 444 0
 444 442 528 0
 528 442 620 0
 443 444 445 0
 443 445 446 0
 443 446 623 0
 445 444 625 0
 444 528 555 0
 444 555 625 0
 446 445 447 0
 447 445 449 0
 449 445 625 0
 446 447 626 0
 623 446 624 0
 624 446 626 0
 447 449 450 0
 447 450 451 0
 447 451 626 0
 448 570 571 0
 448 571 621 0
 620 448 621 0
 450 449 453 0
 453 449 566 0
 566 449 625 0
 451 450 452 0
 452 450 629 0
 450 453 629 0
 451 452 454 0
 451 454 543 0
 451 543 626 0
 454 452 455 0
 455 452 456 0
 456 452 629 0
 453 566 567 0
 453 567 630 0
 629 453 630 0
 454 455 542 0
 454 542 699 0
 543 454 699 0
 455 456 457 0
 455 457 627 0
 542 455 627 0
 457 456 458 0
 458 456 538 0
 538 456 629 0
 457 458 459 0
 457 459 460 0
 457 460 627 0
 459 458 631 0
 458 538 546 0
 458 546 631 0
 460 459 461 0
 461 459 462 0
 462 459 631 0
 460 461 648 0
 627 460 628 0
 628 460 648 0
 461 462 463 0
 461 463 464 0
 461 464 648 0
 463 462 706 0
 462 631 715 0
 706 462 715 0
 464 463 465 0
 465 463 466 0
 466 463 706 0
 464 465 633 0
 464 633 708 0
 648 464 708 0
 465 466 467 0
 465 467 468 0
 465 468 633 0
 467 466 521 0
 521 466 568 0
 568 466 706 0
 468 467 469 0
 469 467 632 0
 467 521 632 0
 468 469 470 0
 468 470 519 0
 468 519 633 0
 470 469 471 0
 471 469 472 0
 472 469 632 0
 470 471 634 0
 519 470 553 0
 553 470 634 0
 471 472 473 0
 471 473 474 0
 471 474 634 0
 473 472 590 0
 472 580 590 0
 580 472 632 0
 474 473 475 0
 475 473 476 0
 476 473 590 0
 474 475 514 0
 474 514 559 0
 474 559 634 0
 475 476 477 0
 475 477 635 0
 514 475 635 0
 477 476 478 0
 478 476 716 0
 476 590 716 0
 477 478 479 0
 477 479 480 0
 477 480 635 0
 479 478 529 0
 529 478 530 0
 530 478 716 0
 480 479 481 0
 481 479 637 0
 479 529 637 0
 480 481 482 0
 480 482 544 0
 480 544 635 0
 482 481 483 0
 483 481 484 0
 484 481 637 0
 482 483 523 0
 482 523 701 0
 544 482 701 0
 483 484 485 0
 483 485 639 0
 523 483 639 0
 485 484 486 0
 486 484 518 0
 518 484 637 0
 485 486 487 0
 485 487 488 0
 485 488 639 0
 487 486 641 0
 486 518 551 0
 486 551 641 0
 488 487 489 0
 489 487 490 0
 490 487 641 0
 488 489 644 0
 639 488 640 0
 640 488 644 0
 489 490 491 0
 489 491 492 0
 489 492 644 0
 491 490 643 0
 490 641 642 0
 490 642 643 0
 492 491 493 0
 493 491 494 0
 494 491 643 0
 492 493 646 0
 644 492 645 0
 645 492 646 0
 493 494 495 0
 493 495 496 0
 493 496 646 0
 495 494 526 0
 526 494 554 0
 554 494 643 0
 496 495 497 0
 497 495 647 0
 495 526 647 0
 496 497 498 0
 496 498 545 0
 496 545 646 0
 498 497 499 0
 499 497 500 0
 500 497 647 0
 498 499 520 0
 498 520 702 0
 545 498 702 0
 499 500 501 0
 499 501 609 0
 520 499 609 0
 501 500 502 0
 502 500 534 0
 534 500 647 0
 501 502 503 0
 501 503 504 0
 501 504 609 0
 503 502 515 0
 515 502 779 0
 502 534 779 0
 504 503 505 0
 505 503 653 0
 503 515 653 0
 504 505 506 0
 504 506 532 0
 504 532 609 0
 506 505 507 0
 507 505 508 0
 508 505 653 0
 506 507 607 0
 532 506 533 0
 533 506 607 0
 507 508 509 0
 507 509 510 0
 507 510 607 0
 509 508 649 0
 649 508 650 0
 650 508 653 0
 510 509 511 0
 511 509 512 0
 512 509 649 0
 510 511 531 0
 510 531 573 0
 510 573 607 0
 511 512 547 0
 531 511 753 0
 511 547 753 0
 547 512 548 0
 548 512 549 0
 549 512 649 0
 513 556 557 0
 513 557 558 0
 513 558 602 0
 559 514 560 0
 560 514 636 0
 514 635 636 0
 653 515 797 0
 678 515 712 0
 515 678 797 0
 712 515 779 0
 516 623 665 0
 516 665 747 0
 697 516 747 0
 611 517 787 0
 658 517 763 0
 517 658 787 0
 517 696 763 0
 551 518 565 0
 565 518 638 0
 518 637 638 0
 519 553 562 0
 519 562 563 0
 519 563 633 0
 520 609 705 0
 702 520 764 0
 520 705 764 0
 521 568 575 0
 521 575 577 0
 521 577 632 0
 572 522 574 0
 574 522 613 0
 522 612 613 0
 523 639 700 0
 523 700 762 0
 701 523 762 0
 524 561 736 0
 524 598 606 0
 598 524 736 0
 593 525 594 0
 594 525 595 0
 595 525 651 0
 526 554 731 0
 647 526 703 0
 703 526 731 0
 527 537 582 0
 527 582 613 0
 612 527 613 0
 555 528 733 0
 528 620 621 0
 528 621 733 0
 529 530 727 0
 637 529 638 0
 638 529 727 0
 530 716 760 0
 727 530 798 0
 530 760 798 0
 573 531 584 0
 584 531 585 0
 585 531 753 0
 532 533 743 0
 609 532 705 0
 705 532 743 0
 533 607 728 0
 533 672 693 0
 672 533 728 0
 533 693 743 0
 534 647 703 0
 685 534 775 0
 534 685 779 0
 534 703 775 0
 536 535 711 0
 535 611 787 0
 711 535 787 0
 536 588 617 0
 588 536 618 0
 618 536 711 0
 582 537 583 0
 583 537 722 0
 537 614 722 0
 546 538 745 0
 538 629 630 0
 538 630 745 0
 539 610 782 0
 539 661 773 0
 661 539 782 0
 696 539 773 0
 619 540 704 0
 540 697 759 0
 704 540 759 0
 552 541 749 0
 601 541 605 0
 541 601 749 0
 542 627 698 0
 542 698 757 0
 699 542 757 0
 626 543 799 0
 676 543 766 0
 543 676 799 0
 543 699 766 0
 635 544 636 0
 636 544 737 0
 544 701 737 0
 646 545 671 0
 671 545 756 0
 545 702 756 0
 631 546 726 0
 726 546 786 0
 546 745 786 0
 547 548 784 0
 592 547 752 0
 547 592 753 0
 752 547 784 0
 548 549 550 0
 548 550 569 0
 548 569 784 0
 550 549 739 0
 549 649 652 0
 549 652 739 0
 569 550 769 0
 694 550 739 0
 550 694 769 0
 551 565 579 0
 551 579 735 0
 641 551 735 0
 604 552 748 0
 552 695 748 0
 695 552 749 0
 562 553 587 0
 587 553 755 0
 553 634 755 0
 554 643 714 0
 554 714 795 0
 731 554 795 0
 625 555 718 0
 718 555 800 0
 555 733 800 0
 557 556 794 0
 556 604 748 0
 556 748 794 0
 558 557 785 0
 557 707 729 0
 707 557 794 0
 557 729 785 0
 602 558 603 0
 603 558 717 0
 717 558 785 0
 559 560 713 0
 634 559 755 0
 560 636 730 0
 713 560 730 0
 561 608 732 0
 656 561 732 0
 562 587 754 0
 563 564 708 0
 633 563 708 0
 708 564 720 0
 720 564 783 0
 564 723 783 0
 579 565 742 0
 567 566 792 0
 566 625 718 0
 566 718 792 0
 630 567 680 0
 680 567 738 0
 738 567 792 0
 576 568 706 0
 750 569 769 0
 588 570 617 0
 621 571 622 0
 622 571 744 0
 608 572 732 0
 607 573 728 0
 576 706 715 0
 576 715 780 0
 721 576 780 0
 577 578 580 0
 577 580 632 0
 580 578 581 0
 580 581 590 0
 590 581 716 0
 716 581 760 0
 582 583 768 0
 583 722 789 0
 586 585 771 0
 592 585 753 0
 585 592 771 0
 741 586 771 0
 586 741 774 0
 586 774 788 0
 588 618 770 0
 591 592 752 0
 593 594 599 0
 599 594 765 0
 596 595 597 0
 597 595 651 0
 596 597 598 0
 596 598 655 0
 596 655 772 0
 598 597 606 0
 655 598 736 0
 601 600 709 0
 709 600 776 0
 610 603 782 0
 603 717 782 0
 614 615 692 0
 614 692 722 0
 615 616 692 0
 616 619 704 0
 692 616 746 0
 616 704 746 0
 618 711 781 0
 621 622 733 0
 623 624 665 0
 624 626 799 0
 665 624 724 0
 724 624 799 0
 627 628 698 0
 628 648 720 0
 698 628 734 0
 628 720 734 0
 630 680 745 0
 715 631 726 0
 639 640 700 0
 640 644 674 0
 640 674 761 0
 700 640 761 0
 642 641 735 0
 643 642 714 0
 714 642 790 0
 642 735 790 0
 644 645 674 0
 645 646 671 0
 645 671 725 0
 674 645 725 0
 648 708 720 0
 649 650 652 0
 652 650 719 0
 650 653 797 0
 719 650 797 0
 652 719 791 0
 739 652 791 0
 654 691 746 0
 704 654 746 0
 654 704 759 0
 657 658 763 0
 682 657 763 0
 658 711 787 0
 659 689 798 0
 760 659 798 0
 660 661 717 0
 717 661 782 0
 662 718 800 0
 663 726 786 0
 665 664 747 0
 664 690 747 0
 687 666 714 0
 714 666 795 0
 667 699 757 0
 699 667 766 0
 668 688 796 0
 762 668 796 0
 734 669 793 0
 671 670 725 0
 674 673 761 0
 676 675 724 0
 676 724 799 0
 677 678 712 0
 684 677 712 0
 678 719 797 0
 679 686 764 0
 679 764 801 0
 681 703 731 0
 703 681 775 0
 696 682 763 0
 682 696 773 0
 719 683 791 0
 685 684 712 0
 685 712 779 0
 702 686 756 0
 686 702 764 0
 687 714 790 0
 688 737 796 0
 689 727 798 0
 747 690 802 0
 691 692 746 0
 694 710 769 0
 697 747 802 0
 759 697 802 0
 698 734 793 0
 757 698 793 0
 737 701 796 0
 701 762 796 0
 705 743 801 0
 764 705 801 0
 715 726 780 0
 734 720 783 0
 1 904 5 0
 16 905 1 0
 124 904 1 0
 1 905 124 0
 130 900 4 0
 4 901 130 0
 131 901 4 0
 4 900 142 0
 5 885 6 0
 5 904 885 0
 6 814 7 0
 6 885 814 0
 7 883 8 0
 814 883 7 0
 8 804 9 0
 8 883 804 0
 9 882 10 0
 804 882 9 0
 10 812 11 0
 10 882 812 0
 11 884 12 0
 812 884 11 0
 12 803 13 0
 12 884 803 0
 13 906 14 0
 803 906 13 0
 14 813 15 0
 14 906 813 0
 15 886 16 0
 813 886 15 0
 886 905 16 0
 125 872 124 0
 124 874 125 0
 872 904 124 0
 124 905 874 0
 126 810 125 0
 125 811 126 0
 810 872 125 0
 125 874 811 0
 127 852 126 0
 126 896 127 0
 126 852 810 0
 811 896 126 0
 128 806 127 0
 127 807 128 0
 806 852 127 0
 127 896 807 0
 129 817 128 0
 128 861 129 0
 128 817 806 0
 807 861 128 0
 129 815 130 0
 130 816 129 0
 129 861 815 0
 816 817 129 0
 815 900 130 0
 130 901 816 0
 132 854 131 0
 854 901 131 0
 133 892 132 0
 132 892 854 0
 134 809 133 0
 809 892 133 0
 135 898 134 0
 134 898 809 0
 136 875 135 0
 875 898 135 0
 137 805 136 0
 805 875 136 0
 138 888 137 0
 137 888 805 0
 139 881 138 0
 881 888 138 0
 140 808 139 0
 808 881 139 0
 141 893 140 0
 140 893 808 0
 142 863 141 0
 863 893 141 0
 142 900 863 0
 803 878 849 0
 849 879 803 0
 803 884 878 0
 879 906 803 0
 804 910 882 0
 883 890 804 0
 890 910 804 0
 805 902 875 0
 888 909 805 0
 805 909 902 0
 817 818 806 0
 818 819 806 0
 819 852 806 0
 807 896 851 0
 851 911 807 0
 807 865 861 0
 807 911 865 0
 808 893 864 0
 864 897 808 0
 808 897 881 0
 809 856 855 0
 855 892 809 0
 809 857 856 0
 809 898 857 0
 852 876 810 0
 810 873 872 0
 810 876 873 0
 874 895 811 0
 895 899 811 0
 811 899 896 0
 882 887 812 0
 812 903 884 0
 887 903 812 0
 813 906 879 0
 879 912 813 0
 813 908 886 0
 813 912 908 0
 814 889 883 0
 885 913 814 0
 814 913 889 0
 861 862 815 0
 862 863 815 0
 863 900 815 0
 816 853 817 0
 816 854 853 0
 816 901 854 0
 817 853 818 0
 818 820 819 0
 818 840 820 0
 818 853 840 0
 820 821 819 0
 821 876 819 0
 819 876 852 0
 820 822 821 0
 820 869 822 0
 840 869 820 0
 822 823 821 0
 823 841 821 0
 841 876 821 0
 822 824 823 0
 822 825 824 0
 822 869 825 0
 824 870 823 0
 823 842 841 0
 823 870 842 0
 825 826 824 0
 826 827 824 0
 827 870 824 0
 825 860 826 0
 858 860 825 0
 825 869 858 0
 826 828 827 0
 826 829 828 0
 826 860 829 0
 828 877 827 0
 827 871 870 0
 827 877 871 0
 829 830 828 0
 830 831 828 0
 831 877 828 0
 829 866 830 0
 860 914 829 0
 829 914 866 0
 830 832 831 0
 830 833 832 0
 830 866 833 0
 832 867 831 0
 867 868 831 0
 868 877 831 0
 833 834 832 0
 834 835 832 0
 835 867 832 0
 833 836 834 0
 833 838 836 0
 833 866 838 0
 834 837 835 0
 836 880 834 0
 834 880 837 0
 837 839 835 0
 839 849 835 0
 849 867 835 0
 838 845 836 0
 845 846 836 0
 846 880 836 0
 837 843 839 0
 837 844 843 0
 837 880 844 0
 838 847 845 0
 838 848 847 0
 838 866 848 0
 843 850 839 0
 839 879 849 0
 850 912 839 0
 839 912 879 0
 853 855 840 0
 855 856 840 0
 856 869 840 0
 842 889 841 0
 873 876 841 0
 841 889 873 0
 870 890 842 0
 883 889 842 0
 842 890 883 0
 844 851 843 0
 843 899 850 0
 851 899 843 0
 844 911 851 0
 880 907 844 0
 907 911 844 0
 845 897 846 0
 847 881 845 0
 881 897 845 0
 864 894 846 0
 846 897 864 0
 846 907 880 0
 894 907 846 0
 848 909 847 0
 847 888 881 0
 847 909 888 0
 866 914 848 0
 891 902 848 0
 848 914 891 0
 902 909 848 0
 849 878 867 0
 850 899 895 0
 895 908 850 0
 908 912 850 0
 896 899 851 0
 854 855 853 0
 854 892 855 0
 857 858 856 0
 858 869 856 0
 857 859 858 0
 857 875 859 0
 857 898 875 0
 859 860 858 0
 859 891 860 0
 875 902 859 0
 859 902 891 0
 891 914 860 0
 861 865 862 0
 862 864 863 0
 862 894 864 0
 865 894 862 0
 864 893 863 0
 865 907 894 0
 865 911 907 0
 867 878 868 0
 868 887 877 0
 878 903 868 0
 868 903 887 0
 871 890 870 0
 877 887 871 0
 887 910 871 0
 871 910 890 0
 873 913 872 0
 885 904 872 0
 872 913 885 0
 889 913 873 0
 874 905 886 0
 886 908 874 0
 874 908 895 0
 884 903 878 0
 882 910 887 0
 74 1092 3 0
 3 939 123 0
 3 1092 939 0
 4 1129 131 0
 142 920 4 0
 920 940 4 0
 940 1129 4 0
 75 927 74 0
 927 1092 74 0
 76 1101 75 0
 75 1101 927 0
 77 1082 76 0
 1082 1101 76 0
 78 921 77 0
 921 1082 77 0
 79 1090 78 0
 78 1090 921 0
 80 1061 79 0
 1061 1090 79 0
 81 928 80 0
 928 1061 80 0
 82 1034 81 0
 81 1034 928 0
 83 1114 82 0
 82 1114 1034 0
 84 933 83 0
 933 1114 83 0
 85 1083 84 0
 84 1083 933 0
 86 1084 85 0
 85 1084 1083 0
 87 925 86 0
 925 1084 86 0
 88 1108 87 0
 87 1108 925 0
 89 1066 88 0
 1066 1108 88 0
 90 931 89 0
 931 1066 89 0
 91 1080 90 0
 90 1080 931 0
 92 937 91 0
 937 1080 91 0
 93 1093 92 0
 92 1093 937 0
 94 1060 93 0
 1060 1093 93 0
 95 923 94 0
 923 1060 94 0
 96 1109 95 0
 95 1109 923 0
 97 1077 96 0
 1077 1109 96 0
 98 935 97 0
 935 1077 97 0
 99 1100 98 0
 98 1100 935 0
 100 932 99 0
 932 1100 99 0
 101 1032 100 0
 100 1032 932 0
 102 1097 101 0
 101 1097 1032 0
 103 922 102 0
 922 1097 102 0
 104 1087 103 0
 103 1087 922 0
 105 1085 104 0
 1085 1087 104 0
 106 936 105 0
 936 1085 105 0
 107 1079 106 0
 106 1079 936 0
 108 930 107 0
 930 1079 107 0
 109 1127 108 0
 108 1127 930 0
 110 1070 109 0
 1070 1127 109 0
 111 924 110 0
 924 1070 110 0
 112 1106 111 0
 111 1106 924 0
 113 1088 112 0
 1088 1106 112 0
 114 938 113 0
 938 1088 113 0
 115 1081 114 0
 114 1081 938 0
 116 929 115 0
 929 1081 115 0
 117 1124 116 0
 116 1124 929 0
 118 1074 117 0
 1074 1124 117 0
 119 926 118 0
 926 1074 118 0
 120 1095 119 0
 119 1095 926 0
 121 1053 120 0
 1053 1095 120 0
 122 934 121 0
 934 1053 121 0
 123 1078 122 0
 122 1078 934 0
 939 1078 123 0
 131 1072 132 0
 941 1072 131 0
 131 1129 941 0
 132 919 133 0
 132 1072 919 0
 133 953 134 0
 919 953 133 0
 134 917 135 0
 134 1067 917 0
 953 1067 134 0
 135 959 136 0
 917 959 135 0
 136 915 137 0
 136 1068 915 0
 959 1068 136 0
 137 1012 138 0
 915 1012 137 0
 138 916 139 0
 138 1057 916 0
 1012 1057 138 0
 139 1115 140 0
 916 947 139 0
 947 1115 139 0
 140 918 141 0
 140 1115 918 0
 141 1011 142 0
 918 1011 141 0
 142 1056 920 0
 1011 1056 142 0
 915 1126 1012 0
 1068 1094 915 0
 1094 1126 915 0
 916 948 947 0
 916 949 948 0
 916 1057 949 0
 917 960 959 0
 917 1089 960 0
 1067 1089 917 0
 1010 1038 918 0
 918 1115 1010 0
 918 1125 1011 0
 1038 1125 918 0
 919 954 953 0
 919 956 954 0
 919 988 956 0
 919 1072 988 0
 920 942 940 0
 920 943 942 0
 920 1056 943 0
 921 1091 1082 0
 921 1090 1086 0
 1086 1091 921 0
 1031 1097 922 0
 922 1121 1031 0
 1087 1121 922 0
 1059 1060 923 0
 923 1076 1059 0
 923 1109 1076 0
 1013 1015 924 0
 924 1017 1013 0
 1015 1070 924 0
 924 1106 1017 0
 925 1064 1063 0
 1063 1084 925 0
 925 1108 1064 0
 926 1095 1048 0
 1048 1128 926 0
 926 1128 1074 0
 1009 1025 927 0
 927 1026 1009 0
 1025 1092 927 0
 927 1101 1026 0
 928 1034 1033 0
 1033 1035 928 0
 1035 1061 928 0
 1073 1107 929 0
 929 1124 1073 0
 929 1107 1081 0
 1055 1096 930 0
 930 1127 1055 0
 930 1096 1079 0
 931 1080 1029 0
 1029 1111 931 0
 931 1111 1066 0
 1032 1105 932 0
 1043 1100 932 0
 932 1105 1043 0
 1022 1024 933 0
 933 1123 1022 0
 1024 1114 933 0
 1083 1123 933 0
 934 1050 1047 0
 1047 1053 934 0
 934 1078 1050 0
 935 1100 1043 0
 1043 1120 935 0
 935 1120 1077 0
 1037 1069 936 0
 936 1079 1037 0
 1069 1085 936 0
 1027 1029 937 0
 937 1122 1027 0
 1029 1080 937 0
 1093 1122 937 0
 938 1062 1058 0
 1058 1088 938 0
 938 1081 1062 0
 1025 1052 939 0
 939 1092 1025 0
 1052 1078 939 0
 940 1041 941 0
 941 1129 940 0
 942 1041 940 0
 1041 1103 941 0
 941 1103 1054 0
 1054 1116 941 0
 941 1116 1072 0
 943 944 942 0
 944 946 942 0
 946 1041 942 0
 943 945 944 0
 943 965 945 0
 943 1056 965 0
 945 1046 944 0
 944 981 946 0
 944 1046 981 0
 965 966 945 0
 966 975 945 0
 975 1046 945 0
 981 982 946 0
 982 983 946 0
 983 1041 946 0
 948 950 947 0
 950 1010 947 0
 1010 1115 947 0
 949 951 948 0
 948 1020 950 0
 951 1020 948 0
 949 952 951 0
 949 968 952 0
 949 1057 968 0
 950 1099 1010 0
 1020 1112 950 0
 950 1112 1099 0
 952 1036 951 0
 951 1021 1020 0
 951 1036 1021 0
 968 969 952 0
 969 980 952 0
 980 1036 952 0
 954 955 953 0
 955 1067 953 0
 954 957 955 0
 956 1075 954 0
 954 1075 957 0
 957 958 955 0
 958 996 955 0
 996 1067 955 0
 988 989 956 0
 989 1104 956 0
 956 1104 1075 0
 957 984 958 0
 957 985 984 0
 957 1075 985 0
 984 986 958 0
 986 1102 958 0
 958 1102 996 0
 960 961 959 0
 961 1068 959 0
 960 962 961 0
 960 964 962 0
 960 1089 964 0
 962 963 961 0
 963 976 961 0
 976 1068 961 0
 962 1051 963 0
 964 978 962 0
 978 1051 962 0
 963 977 976 0
 963 997 977 0
 963 1051 997 0
 964 979 978 0
 964 1098 979 0
 1089 1098 964 0
 965 967 966 0
 965 1118 967 0
 1056 1118 965 0
 967 971 966 0
 971 1049 966 0
 966 1049 975 0
 967 972 971 0
 967 1001 972 0
 967 1118 1001 0
 968 970 969 0
 968 1119 970 0
 1057 1119 968 0
 970 973 969 0
 973 1044 969 0
 969 1044 980 0
 970 974 973 0
 970 1008 974 0
 970 1119 1008 0
 972 1039 971 0
 1039 1040 971 0
 1040 1049 971 0
 1001 1002 972 0
 1002 1003 972 0
 1003 1039 972 0
 974 998 973 0
 998 1031 973 0
 1031 1044 973 0
 974 999 998 0
 974 1117 999 0
 1008 1117 974 0
 975 1047 1046 0
 975 1048 1047 0
 975 1049 1048 0
 977 1019 976 0
 1019 1094 976 0
 976 1094 1068 0
 997 1000 977 0
 1000 1042 977 0
 977 1042 1019 0
 979 1027 978 0
 1027 1028 978 0
 1028 1051 978 0
 979 1029 1027 0
 979 1030 1029 0
 979 1098 1030 0
 980 1069 1036 0
 1044 1045 980 0
 1045 1069 980 0
 981 1052 982 0
 1046 1050 981 0
 1050 1052 981 0
 982 1009 983 0
 982 1025 1009 0
 982 1052 1025 0
 1009 1071 983 0
 983 1071 1018 0
 1018 1103 983 0
 983 1103 1041 0
 985 987 984 0
 984 1063 986 0
 987 1063 984 0
 985 1022 987 0
 985 1023 1022 0
 985 1075 1023 0
 1063 1064 986 0
 1064 1065 986 0
 1065 1102 986 0
 1022 1123 987 0
 987 1084 1063 0
 987 1123 1084 0
 988 990 989 0
 988 1116 990 0
 1072 1116 988 0
 990 991 989 0
 991 993 989 0
 993 1104 989 0
 990 992 991 0
 990 1054 992 0
 990 1116 1054 0
 992 994 991 0
 991 1113 993 0
 994 1113 991 0
 992 995 994 0
 992 1018 995 0
 992 1054 1018 0
 993 1024 1023 0
 1023 1104 993 0
 993 1033 1024 0
 993 1113 1033 0
 995 1086 994 0
 994 1110 1035 0
 1035 1113 994 0
 1086 1110 994 0
 1018 1071 995 0
 1071 1091 995 0
 995 1091 1086 0
 996 1089 1067 0
 996 1098 1089 0
 996 1102 1098 0
 997 1076 1000 0
 1051 1059 997 0
 1059 1076 997 0
 999 1105 998 0
 998 1032 1031 0
 998 1105 1032 0
 1019 1042 999 0
 999 1117 1019 0
 1042 1043 999 0
 1043 1105 999 0
 1000 1120 1042 0
 1076 1077 1000 0
 1077 1120 1000 0
 1001 1038 1002 0
 1001 1125 1038 0
 1118 1125 1001 0
 1002 1004 1003 0
 1002 1005 1004 0
 1002 1038 1005 0
 1004 1062 1003 0
 1003 1107 1039 0
 1062 1107 1003 0
 1005 1006 1004 0
 1006 1058 1004 0
 1058 1062 1004 0
 1005 1007 1006 0
 1005 1099 1007 0
 1038 1099 1005 0
 1007 1013 1006 0
 1013 1017 1006 0
 1017 1058 1006 0
 1007 1014 1013 0
 1007 1112 1014 0
 1099 1112 1007 0
 1094 1117 1008 0
 1008 1126 1094 0
 1119 1126 1008 0
 1026 1071 1009 0
 1010 1099 1038 0
 1011 1118 1056 0
 1011 1125 1118 0
 1012 1119 1057 0
 1012 1126 1119 0
 1014 1015 1013 0
 1014 1016 1015 0
 1014 1020 1016 0
 1014 1112 1020 0
 1016 1055 1015 0
 1055 1070 1015 0
 1020 1021 1016 0
 1021 1096 1016 0
 1016 1096 1055 0
 1017 1088 1058 0
 1017 1106 1088 0
 1054 1103 1018 0
 1019 1117 1094 0
 1036 1037 1021 0
 1037 1096 1021 0
 1023 1024 1022 0
 1075 1104 1023 0
 1033 1034 1024 0
 1034 1114 1024 0
 1026 1091 1071 0
 1082 1091 1026 0
 1026 1101 1082 0
 1027 1122 1028 0
 1028 1059 1051 0
 1028 1060 1059 0
 1028 1122 1060 0
 1030 1111 1029 0
 1030 1102 1065 0
 1065 1111 1030 0
 1098 1102 1030 0
 1032 1097 1031 0
 1031 1121 1044 0
 1033 1113 1035 0
 1035 1110 1061 0
 1036 1069 1037 0
 1079 1096 1037 0
 1039 1073 1040 0
 1039 1107 1073 0
 1040 1128 1049 0
 1073 1074 1040 0
 1074 1128 1040 0
 1042 1120 1043 0
 1044 1121 1045 0
 1045 1085 1069 0
 1045 1087 1085 0
 1045 1121 1087 0
 1047 1050 1046 0
 1048 1053 1047 0
 1049 1128 1048 0
 1048 1095 1053 0
 1050 1078 1052 0
 1055 1127 1070 0
 1060 1122 1093 0
 1061 1110 1090 0
 1081 1107 1062 0
 1064 1066 1065 0
 1064 1108 1066 0
 1066 1111 1065 0
 1073 1124 1074 0
 1076 1109 1077 0
 1084 1123 1083 0
 1090 1110 1086 0
 Tetrahedra
 7617
 868 1318 1249 1598 0
 1170 1573 1444 1694 0
 827 1429 1246 1499 0
 859 1351 902 1497 0
 1150 1261 1219 1273 0
 1134 1444 1573 1694 0
 1258 1688 1135 1707 0
 501 1456 1270 1624 0
 501 1270 1456 1502 0
 957 1379 1284 1453 0
 215 1299 250 1513 0
 1144 1466 1202 1543 0
 1194 1141 1288 1333 0
 1317 1467 1358 1606 0
 1141 1333 1194 1339 0
 1167 1283 1263 1529 0
 1260 1406 1334 1703 0
 1166 1372 1190 1629 0
 1263 1283 1143 1529 0
 1139 1292 1185 1758 0
 1039 1040 1073 1512 0
 747 1477 1396 1559 0
 1153 1197 1332 1519 0
 1144 1345 1202 1466 0
 1131 1462 1197 1682 0
 1211 1559 438 1569 0
 1139 1185 1430 1758 0
 1144 1202 1345 1423 0
 1388 1466 1247 1547 0
 164 664 690 1477 0
 805 902 1327 1497 0
 1143 1235 1231 1433 0
 1190 1372 1166 1440 0
 184 1493 1193 1511 0
 1241 1569 1489 1667 0
 1233 1688 1258 1707 0
 1155 1417 1226 1484 0
 1241 1667 1489 1813 0
 1228 1314 652 1367 0
 217 1493 184 1511 0
 1197 1462 1332 1682 0
 1144 1193 1309 1547 0
 1144 1493 1193 1555 0
 1150 1219 1261 1455 0
 1040 1359 1330 1711 0
 204 1428 1260 1560 0
 1241 1489 1569 1813 0
 1154 1348 1370 1611 0
 1309 1247 1466 1547 0
 1146 1544 1239 1763 0
 1193 1286 1144 1309 0
 1258 1399 1169 1658 0
 250 1513 1299 1728 0
 1146 1670 1425 1682 0
 1158 1543 1388 1684 0
 1143 1253 1263 1529 0
 438 1211 1356 1559 0
 1157 1385 1483 1572 0
 1231 1235 1143 1321 0
 210 1235 1433 1500 0
 827 1429 1499 1652 0
 1388 1543 1188 1684 0
 1193 1144 1286 1493 0
 431 1276 1232 1427 0
 1206 1262 1158 1684 0
 1146 1236 1544 1763 0
 1144 1466 1388 1547 0
 742 1066 1416 1563 0
 1334 1406 1260 1593 0
 1258 1399 1135 1688 0
 1351 1497 859 1588 0
 1425 1146 1682 1698 0
 957 954 1379 1453 0
 1158 1202 1345 1466 0
 400 1231 402 1705 0
 1271 1404 1175 1695 0
 1265 1431 1418 1545 0
 1232 1276 431 1409 0
 314 1422 1423 1571 0
 1213 1141 1507 1769 0
 215 1329 1299 1513 0
 1235 1390 210 1433 0
 1195 1306 1300 1459 0
 1169 1294 1271 1619 0
 1197 1153 1371 1519 0
 1158 1202 1466 1543 0
 1370 1539 1154 1611 0
 216 217 184 1511 0
 1118 1400 1366 1628 0
 1133 1295 1234 1576 0
 1241 1306 1195 1667 0
 1139 1185 1294 1430 0
 404 1460 1291 1487 0
 1334 1337 1151 1646 0
 175 238 343 1533 0
 184 1511 1193 1634 0
 501 609 1270 1502 0
 1158 1466 1388 1543 0
 1132 1306 1520 1667 0
 629 1305 1434 1546 0
 1218 1397 1354 1742 0
 1297 1534 862 1583 0
 1153 1332 1383 1519 0
 1016 1354 1397 1742 0
 1297 1366 862 1534 0
 1233 1151 1337 1646 0
 1139 1271 1294 1619 0
 1358 1467 559 1606 0
 1040 1039 1359 1711 0
 1155 1418 1417 1484 0
 699 1290 1219 1300 0
 1228 1458 739 1662 0
 1398 1464 1380 1489 0
 1168 1425 1682 1698 0
 739 1458 1228 1607 0
 1154 1370 1348 1491 0
 1243 1169 1399 1658 0
 1139 1185 1292 1363 0
 1213 1507 1256 1769 0
 1396 1477 1189 1559 0
 629 1434 452 1546 0
 1185 1139 1294 1363 0
 196 1249 1643 1710 0
 858 1404 1271 1695 0
 1143 1263 1253 1443 0
 1495 1511 1193 1691 0
 1227 1350 715 1540 0
 1182 1443 1263 1730 0
 1456 1554 500 1747 0
 1241 1520 1306 1667 0
 1132 1520 1241 1667 0
 1151 1646 1233 1688 0
 210 253 1235 1500 0
 1186 1769 1576 1777 0
 1144 1309 1466 1547 0
 151 1230 287 1782 0
 306 1231 778 1500 0
 706 715 1350 1540 0
 989 1364 1234 1435 0
 1151 1334 1646 1688 0
 1141 1333 1339 1426 0
 1159 1474 1384 1619 0
 1132 1667 1241 1813 0
 1145 1316 1215 1564 0
 1211 1398 1380 1489 0
 1020 950 1210 1374 0
 1105 999 1328 1726 0
 1020 1210 950 1397 0
 1158 1262 1206 1448 0
 652 1314 719 1367 0
 589 382 1226 1704 0
 1406 1260 1593 1703 0
 1155 1418 1265 1431 0
 237 1277 1390 1625 0
 1366 1400 863 1534 0
 1423 1543 1220 1555 0
 1157 1483 1319 1572 0
 1159 1384 1488 1619 0
 164 1396 664 1477 0
 1186 1379 954 1453 0
 1330 1359 1040 1451 0
 1144 1470 1193 1547 0
 1167 1263 1253 1529 0
 1213 1141 1333 1507 0
 390 312 1329 1663 0
 1210 1386 1374 1669 0
 1020 1374 1210 1397 0
 1260 1381 247 1560 0
 314 338 222 1422 0
 1317 559 1467 1606 0
 362 160 328 1273 0
 1300 1306 1195 1492 0
 859 1588 1497 1807 0
 1013 1218 1397 1767 0
 944 981 1566 1729 0
 1211 1569 1489 1813 0
 1300 1459 1306 1501 0
 1204 1465 1373 1780 0
 1168 1425 1332 1682 0
 1202 1277 1158 1345 0
 1425 1670 1332 1682 0
 1004 1003 1062 1530 0
 291 1329 312 1663 0
 1226 1417 1155 1441 0
 1309 1495 1193 1691 0
 1231 1321 402 1705 0
 769 1365 710 1458 0
 151 1230 587 1490 0
 1139 1384 1474 1619 0
 1334 1593 1260 1650 0
 204 1260 247 1560 0
 196 1421 1249 1710 0
 587 1230 151 1606 0
 1287 1179 1623 1637 0
 287 1230 151 1490 0
 1147 1276 1264 1568 0
 1287 1623 1528 1637 0
 1277 1448 585 1579 0
 1166 1190 1401 1629 0
 1177 1325 1596 1604 0
 1367 1439 508 1809 0
 1147 1276 1224 1517 0
 1210 1287 1163 1528 0
 1418 1431 1248 1545 0
 710 1365 927 1458 0
 652 1314 1228 1662 0
 414 1519 1402 1630 0
 998 1203 1328 1649 0
 1202 1423 1422 1571 0
 1151 1358 1317 1467 0
 1162 1306 1300 1492 0
 551 1333 1213 1521 0
 1139 1474 1384 1772 0
 1212 1274 1474 1768 0
 589 1226 382 1487 0
 1267 1458 550 1607 0
 1467 1647 1363 1820 0
 382 1487 1226 1704 0
 452 1546 1434 1677 0
 1407 1443 1182 1730 0
 878 868 1249 1598 0
 1177 1375 1325 1604 0
 1016 1397 1015 1742 0
 434 433 431 1232 0
 585 1448 1277 1625 0
 1141 1213 1600 1769 0
 1215 1316 1201 1564 0
 404 1487 1291 1656 0
 1292 1214 1363 1820 0
 970 1352 1341 1712 0
 943 1566 1366 1644 0
 501 1270 609 1624 0
 990 1234 989 1364 0
 1235 1321 1231 1705 0
 998 1203 1105 1328 0
 1141 1213 1333 1426 0
 873 1511 1495 1691 0
 452 1434 1300 1677 0
 287 1230 1565 1782 0
 1261 1273 1150 1810 0
 1189 1319 1280 1360 0
 1256 1600 1213 1769 0
 1246 1429 1169 1499 0
 1143 1390 1235 1433 0
 1277 1448 1235 1625 0
 1158 1388 1466 1684 0
 1053 695 1518 1558 0
 875 859 902 1497 0
 1292 1363 1647 1820 0
 1214 1467 1363 1820 0
 569 1441 1267 1567 0
 1147 1264 1276 1517 0
 1153 1330 1196 1371 0
 963 1395 1323 1497 0
 1192 1593 1334 1650 0
 1402 1519 1197 1630 0
 210 1235 237 1390 0
 747 1559 1396 1661 0
 1130 1238 1587 1716 0
 1147 1224 1276 1738 0
 1186 1234 1295 1576 0
 1336 639 1552 1664 0
 778 1231 400 1500 0
 1249 1318 868 1748 0
 445 1195 1353 1447 0
 1503 1682 1146 1698 0
 400 402 68 1705 0
 1263 1472 125 1531 0
 451 1300 452 1434 0
 1310 1444 1170 1573 0
 390 673 312 1663 0
 1212 1474 1384 1768 0
 1131 1197 1462 1611 0
 314 1422 222 1423 0
 1283 1263 1472 1592 0
 464 1376 1200 1522 0
 445 1353 1195 1816 0
 998 1343 1203 1649 0
 151 1606 1230 1782 0
 1279 1295 1216 1687 0
 1145 1215 1370 1564 0
 1417 1441 1226 1786 0
 1195 1306 1241 1492 0
 464 1522 1200 1724 0
 1287 1322 1528 1623 0
 1230 1490 287 1565 0
 410 407 1460 1727 0
 576 1227 715 1540 0
 1220 1423 1202 1543 0
 1221 1456 1269 1554 0
 1300 1306 1162 1501 0
 1200 1376 464 1673 0
 706 576 715 1540 0
 304 287 151 1490 0
 1193 1493 184 1538 0
 306 599 1231 1445 0
 1319 1483 1280 1572 0
 1308 1424 1194 1442 0
 1132 1489 1667 1813 0
 1092 73 939 1365 0
 402 1321 1231 1590 0
 125 1472 1263 1592 0
 1367 508 1693 1809 0
 1147 1276 1409 1738 0
 343 1391 813 1533 0
 1206 1448 1262 1567 0
 1147 1232 1409 1568 0
 1216 1295 1279 1438 0
 1257 1401 1190 1629 0
 1133 1279 1295 1576 0
 304 287 1490 1565 0
 1317 1358 1151 1606 0
 1213 1416 1066 1563 0
 739 550 1458 1607 0
 410 1460 1223 1727 0
 1255 1176 1436 1583 0
 440 438 1559 1569 0
 1202 1422 728 1571 0
 1173 1434 1546 1677 0
 1175 1271 1243 1681 0
 343 813 906 1533 0
 1130 1238 1473 1587 0
 433 1232 434 1612 0
 1299 1513 1208 1728 0
 1133 1295 1279 1687 0
 1172 1340 1223 1425 0
 1329 291 1614 1663 0
 1200 1673 464 1724 0
 1192 1406 1334 1593 0
 1239 1344 1172 1445 0
 887 1449 1428 1498 0
 1297 1436 1176 1583 0
 1406 1591 1334 1703 0
 553 1490 1230 1719 0
 699 1300 1219 1677 0
 410 1340 1223 1460 0
 1152 1464 1398 1489 0
 1384 1214 1488 1619 0
 437 1211 1387 1398 0
 579 742 1416 1563 0
 434 1232 431 1409 0
 1152 1354 1218 1397 0
 73 1331 939 1365 0
 1269 1554 1456 1747 0
 237 210 253 1235 0
 1318 1535 1249 1598 0
 1262 1567 1448 1579 0
 1157 1382 1385 1572 0
 1195 1459 1300 1676 0
 237 1277 299 1390 0
 1194 1442 1526 1664 0
 1237 1518 695 1558 0
 501 609 504 1624 0
 1143 1235 1390 1595 0
 1382 1483 1385 1572 0
 1163 1287 1210 1690 0
 853 1450 1295 1523 0
 944 1545 981 1729 0
 1218 1015 1397 1742 0
 1153 1371 1196 1462 0
 1194 1288 1141 1442 0
 1153 1332 1197 1462 0
 1147 1409 1276 1568 0
 1388 1547 1320 1678 0
 1384 1474 1212 1772 0
 1143 1443 1253 1529 0
 1275 1424 1308 1442 0
 1145 1293 1242 1578 0
 1172 1445 1344 1590 0
 599 778 306 1231 0
 314 1423 223 1571 0
 404 406 1291 1460 0
 1144 1543 1423 1555 0
 968 1352 970 1712 0
 1176 1359 1462 1626 0
 1279 1576 1561 1777 0
 1013 1218 1015 1397 0
 1271 1404 1243 1681 0
 1143 1263 1443 1730 0
 1234 989 1435 1823 0
 1131 1197 1611 1682 0
 1295 1450 1234 1523 0
 1265 1155 1431 1729 0
 948 1374 1386 1669 0
 1144 1345 1286 1423 0
 1172 1340 1425 1469 0
 1221 1270 1160 1456 0
 747 697 1477 1559 0
 944 1566 1545 1729 0
 1196 1330 1153 1359 0
 614 1224 1276 1797 0
 601 1291 541 1558 0
 859 1497 875 1807 0
 160 362 669 1273 0
 1429 1192 1680 1694 0
 1388 1419 1320 1547 0
 968 1341 970 1352 0
 1280 1360 1319 1572 0
 1323 1497 1395 1532 0
 609 1270 504 1624 0
 1135 1194 1308 1582 0
 1372 1190 1629 1713 0
 1213 1333 551 1507 0
 410 1223 409 1727 0
 1176 1255 1534 1583 0
 409 1223 410 1519 0
 1238 1476 1587 1716 0
 439 437 438 1211 0
 1160 1270 1221 1678 0
 1195 1447 445 1816 0
 970 1341 1649 1712 0
 599 400 778 1231 0
 981 1265 1566 1729 0
 904 1511 885 1691 0
 1206 1417 1267 1784 0
 1101 1458 1026 1662 0
 414 415 1519 1630 0
 1247 1180 1388 1547 0
 1330 1196 1512 1711 0
 1332 1462 1436 1682 0
 1423 1493 1144 1555 0
 1241 1492 1306 1520 0
 1276 1409 1232 1568 0
 1144 1193 1470 1555 0
 1379 1523 855 1759 0
 400 1500 1231 1705 0
 223 1423 1345 1571 0
 341 263 1220 1423 0
 1262 1448 1158 1579 0
 1254 1462 1197 1611 0
 1320 1419 1388 1678 0
 1194 1339 1333 1776 0
 1288 1333 1141 1507 0
 1058 1378 1346 1530 0
 1337 1646 1334 1773 0
 1188 1684 1389 1693 0
 1135 1308 1194 1776 0
 1153 1383 1371 1519 0
 989 991 1364 1435 0
 1170 1257 1225 1461 0
 1172 1253 1551 1714 0
 1176 1534 1297 1583 0
 1170 1225 1257 1586 0
 1143 1283 1433 1529 0
 1318 1449 868 1748 0
 614 1437 1224 1797 0
 1145 1393 1293 1578 0
 636 1358 1296 1467 0
 1058 1062 1378 1530 0
 1176 1366 1297 1534 0
 1145 1215 1316 1539 0
 1164 1308 1194 1582 0
 1260 1428 1165 1560 0
 1253 1263 1182 1443 0
 1143 1321 1595 1786 0
 1154 1370 1491 1539 0
 966 1451 1359 1628 0
 1234 1364 990 1465 0
 1144 1423 1286 1493 0
 565 1416 1213 1563 0
 597 1340 1239 1763 0
 1247 1182 1645 1730 0
 1235 1390 1277 1625 0
 1336 1410 1205 1679 0
 1202 1220 1543 1550 0
 588 1509 1354 1742 0
 1263 1645 1182 1730 0
 1223 1340 410 1519 0
 1176 1359 1298 1462 0
 1143 1283 1390 1433 0
 1208 1621 1325 1753 0
 902 1351 1327 1497 0
 437 1387 1211 1569 0
 328 362 1273 1496 0
 1143 1283 1263 1730 0
 1300 1459 1173 1676 0
 989 1234 990 1465 0
 347 196 1249 1643 0
 402 1231 400 1590 0
 1240 1366 965 1566 0
 291 312 153 1663 0
 943 965 1366 1566 0
 954 1186 1453 1823 0
 1141 1213 1426 1600 0
 1253 1172 1529 1714 0
 1150 1219 1455 1657 0
 1330 1359 1196 1711 0
 413 1371 1519 1630 0
 1007 1397 1259 1767 0
 1366 1566 1199 1644 0
 1245 1250 1174 1370 0
 1153 1197 1371 1462 0
 887 1428 1449 1680 0
 853 1295 840 1759 0
 1235 1448 771 1625 0
 1144 1547 1388 1678 0
 1283 1472 1432 1592 0
 1151 1296 1214 1399 0
 400 1231 599 1590 0
 1147 1380 1211 1612 0
 1196 1298 1161 1378 0
 1237 1291 552 1727 0
 1188 1439 1367 1809 0
 1232 1409 434 1612 0
 184 1193 1538 1634 0
 237 1390 1235 1625 0
 1158 1277 1202 1732 0
 1439 1624 508 1809 0
 1431 1545 1265 1729 0
 491 493 1392 1526 0
 1145 1370 1215 1539 0
 1014 1013 1015 1397 0
 1339 1426 1333 1776 0
 431 1232 433 1509 0
 1170 1310 1225 1586 0
 1176 1462 1436 1626 0
 1161 1201 1311 1355 0
 1201 1161 1311 1764 0
 1239 1445 1172 1590 0
 1151 1337 1334 1773 0
 1280 1483 1147 1517 0
 1345 1423 1202 1571 0
 1211 1398 437 1612 0
 1169 1499 1429 1652 0
 1230 1317 1151 1606 0
 278 1344 1231 1433 0
 255 1358 1337 1457 0
 1239 1340 597 1548 0
 1135 1194 1582 1776 0
 1176 1462 1298 1486 0
 388 1268 1087 1446 0
 1484 1558 1291 1656 0
 1201 1215 1564 1785 0
 1175 1404 1271 1681 0
 1135 1339 1308 1776 0
 1101 694 1458 1662 0
 613 527 1316 1437 0
 1163 1210 1374 1690 0
 966 971 1359 1451 0
 878 1249 1421 1598 0
 1192 1429 1406 1694 0
 1198 1447 1489 1569 0
 1238 1361 1173 1420 0
 1216 1375 1279 1687 0
 295 1415 804 1516 0
 719 1314 652 1662 0
 887 1449 877 1680 0
 569 1267 750 1365 0
 673 153 312 1663 0
 1143 1443 1407 1730 0
 1143 1321 1235 1595 0
 1158 1389 1202 1543 0
 1139 1384 1292 1772 0
 1325 1456 497 1596 0
 1223 1340 1172 1460 0
 1448 1595 1321 1786 0
 407 410 409 1727 0
 1298 1530 1378 1711 0
 613 1316 1242 1437 0
 175 1382 238 1533 0
 868 867 1318 1598 0
 1164 1194 1336 1582 0
 1302 1495 841 1634 0
 1198 1489 1387 1569 0
 1237 552 1383 1727 0
 418 1254 603 1371 0
 1219 1290 699 1505 0
 1152 1397 1218 1464 0
 587 1230 553 1490 0
 750 1365 1267 1722 0
 1134 1694 1591 1775 0
 238 1391 343 1533 0
 1150 1273 1219 1749 0
 1334 1565 1260 1703 0
 1186 1295 1279 1576 0
 1134 1444 1310 1573 0
 1252 1541 1147 1738 0
 1392 1526 493 1596 0
 1191 1497 1323 1532 0
 1246 1429 827 1680 0
 497 1456 1325 1753 0
 1389 1684 1158 1693 0
 1428 1449 1165 1498 0
 1591 1694 1294 1775 0
 805 1327 1068 1497 0
 950 1397 1210 1454 0
 431 1427 1232 1509 0
 1238 1476 1473 1587 0
 1363 1294 1591 1694 0
 1180 1419 1388 1547 0
 1270 1456 1221 1624 0
 1101 694 927 1458 0
 1329 1424 645 1663 0
 1169 1271 1243 1619 0
 1223 1383 1332 1519 0
 853 1523 1295 1759 0
 1245 1471 1326 1613 0
 1190 1166 1401 1440 0
 1133 1279 1375 1687 0
 347 1249 196 1421 0
 1533 1542 1181 1709 0
 1194 1442 1424 1526 0
 1246 1429 1680 1694 0
 1267 1365 769 1458 0
 1194 1526 1424 1664 0
 1166 1322 1440 1618 0
 1144 1202 1423 1543 0
 1210 1163 1386 1528 0
 1303 1403 420 1665 0
 1219 1261 1140 1501 0
 437 1211 439 1569 0
 280 278 1231 1433 0
 739 1458 694 1662 0
 868 1449 887 1498 0
 1147 1232 1380 1612 0
 1334 1591 1230 1703 0
 1141 1426 1284 1600 0
 1321 1448 1235 1595 0
 1459 1501 1300 1657 0
 720 1496 1376 1575 0
 413 414 415 1519 0
 1152 1354 1397 1594 0
 1309 1193 1495 1547 0
 439 1211 438 1569 0
 413 1519 415 1630 0
 1280 1517 1147 1541 0
 1143 1390 1283 1730 0
 758 1277 310 1625 0
 1308 1339 1194 1776 0
 1188 1367 1693 1809 0
 1161 1298 1196 1478 0
 1081 660 359 1512 0
 1149 1413 1200 1444 0
 1202 1571 728 1732 0
 1196 1359 1153 1462 0
 1279 1438 1295 1759 0
 1149 1504 1323 1617 0
 1172 1425 1253 1469 0
 1279 1295 1186 1759 0
 1336 1424 639 1664 0
 1020 948 950 1374 0
 1354 1016 1397 1594 0
 1150 1455 1261 1810 0
 1169 1406 1429 1694 0
 501 1221 1456 1624 0
 1145 1242 1437 1578 0
 1225 1586 1310 1629 0
 1270 1543 1220 1550 0
 1545 1566 1265 1729 0
 1135 1399 1258 1658 0
 280 1231 306 1500 0
 325 363 150 1290 0
 483 1336 1244 1580 0
 438 1211 437 1612 0
 690 307 164 1477 0
 1350 1587 1476 1716 0
 1237 1291 1484 1558 0
 1186 1523 1379 1759 0
 1198 1489 1447 1667 0
 1144 1286 1345 1466 0
 1226 1443 1417 1786 0
 1081 359 1378 1512 0
 1262 1158 1684 1693 0
 213 185 303 1689 0
 491 493 494 1392 0
 873 1495 1309 1691 0
 1305 1546 629 1651 0
 314 222 223 1423 0
 1182 1263 1253 1826 0
 551 518 1333 1521 0
 968 970 1119 1712 0
 1166 1322 1401 1440 0
 1286 1309 1193 1691 0
 1489 1569 1447 1667 0
 1140 1261 1219 1657 0
 232 1242 1293 1578 0
 1239 1172 1548 1590 0
 1284 1379 1186 1453 0
 1234 1335 1133 1576 0
 1450 1465 1234 1523 0
 501 1221 502 1456 0
 341 1423 1220 1706 0
 1239 1340 1146 1763 0
 720 564 1376 1496 0
 1150 1310 1574 1716 0
 1013 1494 1218 1767 0
 1194 1141 1339 1442 0
 695 1237 748 1518 0
 460 1238 457 1420 0
 1181 1483 1280 1517 0
 1172 1469 1253 1529 0
 1326 1181 1385 1533 0
 552 604 1383 1727 0
 1137 1237 1291 1484 0
 597 1239 596 1763 0
 601 1291 1558 1656 0
 213 303 1538 1689 0
 963 976 1395 1497 0
 1239 1544 1475 1763 0
 687 1256 1084 1563 0
 1224 1147 1541 1738 0
 216 1511 184 1634 0
 1593 1680 1192 1694 0
 541 1291 601 1656 0
 614 428 1437 1674 0
 715 1350 1227 1476 0
 1149 1617 1323 1758 0
 728 1422 1202 1550 0
 388 1087 1085 1446 0
 1359 1153 1462 1626 0
 1296 1488 1244 1671 0
 1410 1614 291 1663 0
 1159 1274 1521 1768 0
 614 1276 1224 1738 0
 1066 1064 1065 1755 0
 1363 1591 1294 1775 0
 603 1371 1254 1699 0
 1159 1333 1426 1776 0
 1158 1345 1277 1595 0
 1145 1578 1437 1797 0
 232 1293 1242 1524 0
 694 710 927 1458 0
 1376 1496 564 1697 0
 1047 1237 1518 1685 0
 1244 1488 1296 1549 0
 762 1205 1336 1580 0
 1214 1296 1488 1549 0
 382 1321 1487 1704 0
 451 452 1300 1677 0
 1172 1253 1425 1551 0
 1130 1310 1586 1629 0
 1147 1380 1232 1568 0
 1456 1596 1325 1604 0
 606 1402 414 1519 0
 1220 1270 1550 1659 0
 1151 1233 1549 1688 0
 1180 1247 1506 1547 0
 1101 1026 1082 1662 0
 1200 1413 1149 1540 0
 1261 1140 1501 1643 0
 1259 1289 1161 1767 0
 479 1480 1384 1671 0
 811 1307 895 1592 0
 1066 1416 1213 1755 0
 263 1422 1220 1423 0
 1312 1323 997 1395 0
 1234 1295 1133 1687 0
 1440 1463 1282 1771 0
 1159 1488 1474 1619 0
 215 250 351 1513 0
 1145 1393 1578 1797 0
 861 862 1297 1366 0
 694 769 710 1458 0
 1160 1221 1604 1678 0
 1298 1486 1161 1603 0
 1178 1472 1263 1531 0
 545 1208 1683 1753 0
 861 1366 1297 1781 0
 989 988 1234 1465 0
 790 1256 687 1563 0
 1206 1441 1417 1786 0
 1150 1574 1200 1716 0
 1298 1603 1530 1783 0
 1245 1370 1174 1672 0
 977 963 976 1395 0
 599 1231 1445 1590 0
 1172 1344 1239 1469 0
 1312 1323 1149 1504 0
 1238 1420 1173 1546 0
 1182 1730 1247 1802 0
 1226 1441 589 1704 0
 1299 1329 215 1614 0
 442 1569 1447 1796 0
 1137 1443 1253 1825 0
 1239 1544 1146 1700 0
 1326 1471 1245 1533 0
 341 1493 1423 1706 0
 1300 1434 1173 1677 0
 1237 1383 748 1518 0
 1200 1349 1149 1444 0
 1176 1400 1366 1534 0
 1443 1551 1253 1714 0
 1112 1007 1397 1454 0
 720 564 708 1376 0
 1151 1230 1606 1782 0
 965 1366 1240 1628 0
 1236 1475 736 1739 0
 438 1356 1211 1612 0
 500 501 502 1456 0
 1286 1193 1511 1691 0
 1499 1652 1271 1752 0
 750 1267 1441 1722 0
 1157 1319 1360 1572 0
 1565 1650 279 1782 0
 1366 1400 1176 1628 0
 494 1392 493 1596 0
 719 1367 1314 1808 0
 1147 1264 1380 1568 0
 306 280 278 1231 0
 1194 1336 1552 1664 0
 239 1391 1718 1721 0
 715 1476 1227 1482 0
 650 1367 719 1808 0
 1158 1448 1277 1579 0
 1357 1524 200 1746 0
 853 1465 1450 1523 0
 1340 1402 606 1519 0
 1490 1697 1230 1719 0
 1344 1529 1172 1590 0
 1564 1568 1264 1797 0
 1244 1582 1336 1776 0
 1287 1322 1623 1653 0
 1196 1371 1330 1699 0
 1277 1345 299 1390 0
 493 1526 1325 1596 0
 1154 1215 1303 1611 0
 1228 1458 1091 1602 0
 1253 1443 1182 1825 0
 1331 1558 1484 1656 0
 1326 1471 839 1613 0
 1011 1366 1118 1400 0
 449 1353 445 1816 0
 295 1516 804 1584 0
 457 460 459 1238 0
 762 1336 1205 1679 0
 223 1345 1277 1571 0
 1150 1200 1376 1716 0
 1336 1582 1194 1776 0
 1150 1376 1200 1574 0
 1155 1248 1418 1431 0
 449 445 447 1816 0
 1146 1425 1340 1469 0
 1071 1091 1458 1602 0
 460 1238 1420 1522 0
 332 184 1493 1538 0
 1175 1243 1271 1745 0
 237 299 1277 1625 0
 611 1427 1616 1674 0
 917 898 1315 1695 0
 1315 1695 1271 1745 0
 1144 1320 1547 1678 0
 708 1376 564 1697 0
 404 1291 406 1656 0
 966 1049 971 1451 0
 1235 1448 1321 1705 0
 1169 1399 1258 1688 0
 310 1277 758 1571 0
 1424 1442 1275 1526 0
 950 1454 1210 1669 0
 1214 1488 1296 1671 0
 1164 1194 1308 1424 0
 588 617 570 1509 0
 1363 1467 1317 1647 0
 1299 1329 1208 1513 0
 1150 1310 1455 1573 0
 570 1398 1354 1509 0
 1373 1465 941 1780 0
 459 1350 1238 1522 0
 223 1277 319 1571 0
 1261 1455 1381 1810 0
 1007 1013 1397 1767 0
 954 1379 1186 1523 0
 1254 1371 418 1630 0
 1176 1359 1240 1628 0
 1232 433 1509 1612 0
 944 946 981 1545 0
 1238 1350 459 1476 0
 1213 1426 1274 1521 0
 1287 1322 1163 1528 0
 861 1297 862 1583 0
 1380 1464 1287 1489 0
 1289 1346 1161 1767 0
 884 1249 903 1498 0
 1151 1233 1337 1549 0
 1147 1211 1356 1612 0
 446 445 1447 1816 0
 1200 1149 1349 1540 0
 1133 1335 1234 1515 0
 611 427 1427 1674 0
 1240 1359 1176 1626 0
 200 1524 1357 1556 0
 1215 1154 1539 1611 0
 1534 1597 894 1641 0
 1187 1603 1298 1783 0
 1277 1448 1158 1595 0
 1237 1484 1265 1558 0
 1174 1250 1245 1613 0
 1383 1518 1451 1778 0
 1230 1565 1334 1703 0
 588 570 1354 1509 0
 1146 1348 1670 1682 0
 1222 1377 1156 1554 0
 213 1538 1299 1689 0
 1169 1429 1246 1694 0
 125 1432 1472 1592 0
 653 508 1439 1624 0
 552 1291 541 1727 0
 1019 976 1217 1395 0
 497 1325 496 1753 0
 997 1323 1312 1504 0
 1145 1370 1245 1672 0
 1151 1230 1334 1591 0
 73 1331 1365 1722 0
 1146 1348 1402 1670 0
 191 279 1565 1650 0
 1214 1488 1399 1549 0
 855 856 1379 1759 0
 1159 1274 1426 1521 0
 265 1360 1396 1770 0
 1152 1287 1464 1489 0
 213 250 215 1299 0
 769 550 1267 1458 0
 1381 1455 1414 1810 0
 1205 1580 762 1679 0
 1334 279 1650 1782 0
 653 505 508 1624 0
 1398 1509 433 1612 0
 1171 1307 1278 1394 0
 1145 1245 1370 1491 0
 479 1671 1384 1820 0
 1011 863 1366 1400 0
 1188 1439 1419 1610 0
 968 1119 1352 1712 0
 1296 1358 636 1457 0
 204 322 1428 1560 0
 1214 1399 1296 1549 0
 496 1325 497 1596 0
 569 383 1441 1567 0
 585 771 1448 1625 0
 291 215 1329 1614 0
 1280 1483 1382 1572 0
 514 559 1358 1467 0
 325 667 1290 1505 0
 1208 545 1621 1753 0
 1151 1606 1358 1782 0
 1058 938 1346 1378 0
 1167 1283 1529 1821 0
 1242 1316 613 1805 0
 1259 1397 1007 1454 0
 1061 677 1314 1377 0
 822 1404 1438 1655 0
 153 1410 291 1663 0
 1219 1501 1140 1657 0
 543 1290 1300 1717 0
 1168 1682 1503 1698 0
 1244 1336 483 1552 0
 1310 1361 1150 1455 0
 1259 1397 1218 1767 0
 1231 1529 1344 1590 0
 597 596 1239 1548 0
 459 1238 460 1522 0
 400 68 1500 1705 0
 769 1267 569 1365 0
 651 1340 410 1460 0
 1215 1539 1370 1611 0
 950 1112 1397 1454 0
 1213 1507 551 1563 0
 966 1240 1451 1628 0
 1278 1146 1544 1700 0
 651 1340 1460 1548 0
 569 750 1267 1441 0
 1383 1451 1153 1778 0
 884 903 1249 1421 0
 1194 1164 1336 1424 0
 1229 1323 1617 1758 0
 1278 1307 1167 1394 0
 1278 1307 1171 1503 0
 855 853 840 1759 0
 1223 1332 1383 1508 0
 1152 1397 1464 1690 0
 1325 1375 1160 1604 0
 1232 1509 1398 1612 0
 1302 1516 823 1655 0
 1224 1147 1517 1541 0
 1380 1398 1232 1464 0
 1372 1481 1190 1713 0
 1287 1618 1322 1653 0
 1173 1420 1361 1657 0
 290 232 286 1242 0
 699 543 1290 1300 0
 1015 1218 1013 1494 0
 1298 1378 1196 1711 0
 1291 1487 1226 1656 0
 1182 1407 1730 1802 0
 1161 1196 1378 1478 0
 1011 1125 893 1400 0
 883 804 1516 1584 0
 1280 1181 1517 1541 0
 1146 1402 1348 1668 0
 1153 1383 1332 1508 0
 1261 1501 1536 1643 0
 1156 1554 1221 1800 0
 589 1487 404 1656 0
 1178 1345 1466 1595 0
 1057 1352 888 1386 0
 178 238 1382 1709 0
 1218 1494 1015 1742 0
 1170 1246 1573 1694 0
 1302 1495 1634 1760 0
 1201 1564 1316 1797 0
 196 1643 1281 1710 0
 1195 1353 1667 1676 0
 1175 1271 1695 1745 0
 687 1084 1256 1411 0
 1161 1378 1298 1530 0
 1137 1291 1237 1508 0
 1118 1400 1628 1817 0
 1201 1215 1355 1632 0
 1230 1697 1490 1703 0
 217 332 184 1493 0
 918 893 1125 1400 0
 1220 1202 1422 1550 0
 1234 1687 1133 1814 0
 589 1226 1487 1656 0
 1071 1458 1324 1602 0
 1215 1201 1355 1785 0
 259 325 1290 1505 0
 278 1231 1344 1445 0
 1363 1591 1406 1694 0
 858 1271 1588 1695 0
 1254 1371 1197 1462 0
 505 508 1624 1809 0
 293 1369 214 1410 0
 1302 889 1584 1634 0
 1276 1264 1568 1797 0
 1181 1326 1264 1672 0
 1014 1007 1013 1397 0
 1315 1588 1271 1695 0
 1148 1463 1440 1771 0
 636 514 1358 1467 0
 278 306 1231 1445 0
 1156 1419 1439 1610 0
 802 747 697 1477 0
 998 1105 999 1328 0
 388 1085 662 1446 0
 1276 1568 1564 1797 0
 1090 1061 381 1314 0
 1165 1381 1260 1560 0
 523 1336 483 1580 0
 1058 1004 1062 1530 0
 1258 1233 1429 1688 0
 1165 1414 1381 1455 0
 1214 1296 1151 1467 0
 1141 1600 1284 1769 0
 752 1567 1448 1704 0
 477 1671 479 1820 0
 1208 1299 1275 1329 0
 1325 1621 545 1753 0
 254 1277 299 1625 0
 1105 1203 998 1648 0
 1334 1650 1565 1782 0
 611 1616 427 1674 0
 1158 1466 1345 1595 0
 1161 1201 1355 1616 0
 822 1404 869 1438 0
 1146 1236 1402 1668 0
 951 1386 1374 1608 0
 1201 1316 1215 1632 0
 955 958 1284 1452 0
 1406 1429 1192 1688 0
 442 1387 1569 1796 0
 381 1061 677 1314 0
 486 1333 485 1664 0
 232 1242 290 1524 0
 420 1665 1403 1805 0
 1139 1363 1292 1619 0
 1288 1507 1141 1769 0
 1149 1312 1504 1617 0
 1170 1444 1294 1694 0
 1269 1456 500 1747 0
 1347 1538 303 1689 0
 1169 1429 1406 1688 0
 1217 1395 976 1497 0
 267 200 1524 1746 0
 1265 1418 1199 1545 0
 214 1410 1369 1614 0
 1309 1495 876 1615 0
 1309 1506 1247 1547 0
 954 1523 1186 1823 0
 1218 1289 1259 1767 0
 241 1393 1224 1578 0
 552 748 1237 1383 0
 1206 1158 1407 1684 0
 739 550 694 1458 0
 614 722 1224 1437 0
 419 1303 420 1665 0
 786 1203 546 1482 0
 1209 1490 1697 1703 0
 1257 1629 1190 1713 0
 255 1337 257 1457 0
 1171 1491 1357 1668 0
 405 1460 1487 1548 0
 1156 1222 1554 1800 0
 485 1333 1552 1664 0
 1165 1381 1261 1455 0
 1226 1487 1321 1704 0
 766 699 543 1290 0
 1180 1320 1419 1547 0
 299 1277 223 1345 0
 1201 1276 1564 1797 0
 596 1763 1239 1793 0
 963 1497 1323 1701 0
 1220 1543 1270 1555 0
 400 599 593 1590 0
 964 1266 1315 1701 0
 1165 1449 1428 1680 0
 1027 1485 1122 1627 0
 1287 1623 1179 1653 0
 269 1283 1390 1666 0
 209 1344 278 1433 0
 1167 1253 1307 1698 0
 1433 1529 1283 1821 0
 1401 1440 1322 1638 0
 1048 1047 1518 1685 0
 576 1227 1540 1696 0
 1175 1404 1338 1695 0
 1131 1436 1462 1682 0
 1203 1343 998 1648 0
 1288 1743 1507 1769 0
 178 238 175 1382 0
 1264 1326 1181 1483 0
 547 1567 1262 1579 0
 1382 1533 1181 1709 0
 669 362 734 1273 0
 1300 1434 1195 1676 0
 531 585 1579 1732 0
 1173 1434 1305 1546 0
 939 1331 1025 1365 0
 1161 1201 1616 1764 0
 1225 1361 1310 1455 0
 1239 1146 1469 1700 0
 1159 1384 1480 1488 0
 1140 1455 1261 1657 0
 1144 1309 1286 1466 0
 185 1347 303 1689 0
 1151 1549 1399 1688 0
 341 1220 263 1706 0
 1354 1509 1218 1742 0
 1328 1203 1481 1649 0
 440 439 438 1569 0
 1222 1156 1377 1435 0
 1221 1156 1439 1554 0
 239 1391 353 1718 0
 1309 876 1506 1615 0
 1243 1271 1139 1619 0
 1235 1448 1277 1595 0
 402 1487 1321 1590 0
 855 1523 853 1759 0
 1200 1574 1310 1716 0
 639 485 1552 1664 0
 1150 1420 1219 1657 0
 908 1391 239 1721 0
 1275 1299 1164 1329 0
 1217 1413 1395 1532 0
 1011 1118 1125 1400 0
 1178 1286 1309 1466 0
 1124 1074 387 1512 0
 1382 1385 1181 1533 0
 1231 1433 1235 1500 0
 1187 1597 1534 1641 0
 1396 1559 1189 1661 0
 602 1371 413 1630 0
 1333 1480 484 1552 0
 1407 1417 1182 1443 0
 1156 1314 1228 1367 0
 1107 1512 1378 1711 0
 1395 1497 1217 1532 0
 1239 1548 596 1793 0
 1236 1146 1402 1763 0
 1150 1361 1420 1657 0
 1160 1221 1456 1604 0
 1130 1361 1310 1629 0
 1395 1413 1217 1587 0
 1197 1519 1371 1630 0
 280 209 278 1433 0
 1151 1334 1230 1782 0
 419 1630 1303 1665 0
 1154 1303 1215 1403 0
 1188 1262 1684 1693 0
 1173 1434 1300 1676 0
 1161 1530 1298 1603 0
 1145 1245 1491 1791 0
 289 365 156 1422 0
 1337 1358 255 1773 0
 1145 1491 1293 1791 0
 996 1452 1379 1605 0
 419 417 1303 1630 0
 1159 1426 1339 1776 0
 1242 1316 1145 1437 0
 286 1242 232 1578 0
 1257 1586 1225 1629 0
 1277 1579 585 1732 0
 486 485 1333 1552 0
 232 1293 233 1578 0
 990 989 991 1364 0
 1239 1548 1445 1590 0
 449 1434 1353 1816 0
 1186 1234 1576 1823 0
 1220 1550 1422 1659 0
 1212 1485 1027 1627 0
 728 1550 1202 1732 0
 547 1262 511 1579 0
 1190 1372 1440 1481 0
 1218 1398 1354 1464 0
 268 1236 356 1544 0
 1343 1481 1203 1649 0
 264 1360 265 1770 0
 223 299 319 1277 0
 1000 1312 997 1395 0
 1171 1503 1491 1668 0
 645 1424 1329 1621 0
 1161 1486 1311 1603 0
 1062 1003 1107 1711 0
 1233 1258 1429 1516 0
 1019 1217 976 1757 0
 830 828 1449 1525 0
 236 1249 1560 1643 0
 1160 1456 1270 1502 0
 464 1376 633 1673 0
 1214 1480 1384 1488 0
 810 125 1472 1531 0
 265 1396 164 1477 0
 565 579 742 1416 0
 728 1422 672 1571 0
 1264 1380 1179 1483 0
 722 1224 1437 1636 0
 1423 1493 1220 1706 0
 213 250 1299 1728 0
 1329 1424 1275 1621 0
 419 417 420 1303 0
 816 1465 1373 1795 0
 855 1379 809 1523 0
 839 1471 1326 1533 0
 1218 1354 1398 1509 0
 1146 1503 1348 1682 0
 904 169 885 1511 0
 1169 1363 1294 1619 0
 652 1228 1367 1607 0
 815 1644 1366 1781 0
 1163 1374 1210 1386 0
 810 1531 1472 1691 0
 1236 1475 1544 1763 0
 1310 1225 1455 1573 0
 268 356 1236 1739 0
 1230 1606 553 1719 0
 502 1221 501 1624 0
 1258 823 1516 1655 0
 687 1256 714 1411 0
 1178 1283 1263 1472 0
 411 410 1340 1519 0
 405 1548 1487 1590 0
 1153 1359 1240 1626 0
 1261 1455 1219 1657 0
 442 1447 444 1796 0
 1164 1308 1275 1424 0
 1203 1476 546 1482 0
 843 839 1471 1613 0
 862 1366 863 1534 0
 1208 1621 545 1683 0
 1151 1358 1773 1782 0
 271 1381 1273 1788 0
 1278 1469 1146 1700 0
 620 1387 437 1569 0
 1272 1697 1230 1703 0
 1234 1295 1687 1814 0
 1243 1159 1474 1681 0
 828 1461 1449 1525 0
 1269 1596 1456 1604 0
 1158 1202 1389 1732 0
 236 1249 1498 1560 0
 1234 1133 1515 1814 0
 1253 1529 1443 1714 0
 1186 1576 1279 1777 0
 297 1360 208 1570 0
 552 604 748 1383 0
 1288 1526 1442 1664 0
 650 652 719 1367 0
 759 1356 1252 1477 0
 1251 1598 832 1623 0
 1151 1214 1363 1399 0
 1057 881 916 1386 0
 1243 1339 1159 1681 0
 413 1519 1371 1778 0
 1415 1516 295 1686 0
 955 1284 1379 1452 0
 191 279 225 1565 0
 338 314 318 1422 0
 1199 1297 1240 1366 0
 1155 1267 1417 1609 0
 1292 1384 476 1801 0
 955 1284 957 1379 0
 1348 1370 1250 1491 0
 1448 1567 1206 1704 0
 1348 1611 1197 1682 0
 1147 1409 1232 1612 0
 1187 1486 1298 1603 0
 1088 938 657 1346 0
 831 830 828 1449 0
 866 1257 829 1525 0
 603 1254 610 1699 0
 1426 1474 1159 1681 0
 565 551 1213 1521 0
 809 1379 953 1523 0
 1310 1361 1225 1629 0
 239 1718 1394 1721 0
 1244 1549 1205 1582 0
 1281 1501 1140 1643 0
 1152 1354 1398 1464 0
 1062 1107 1378 1711 0
 409 1223 1519 1727 0
 1027 1527 1485 1762 0
 906 813 879 1533 0
 1217 1713 1586 1803 0
 649 1607 1367 1693 0
 547 1448 1567 1579 0
 830 1461 828 1525 0
 1197 1402 1348 1670 0
 205 247 1260 1381 0
 238 1391 1533 1542 0
 839 1326 1385 1533 0
 1091 1458 1228 1662 0
 546 1476 1203 1651 0
 1148 1372 1305 1481 0
 445 1353 444 1447 0
 1120 1000 1395 1696 0
 1359 1451 1240 1628 0
 1369 1410 293 1819 0
 458 457 459 1238 0
 1156 1221 1419 1800 0
 530 760 1212 1627 0
 1170 1225 1310 1573 0
 831 830 1449 1525 0
 511 547 512 1262 0
 1586 1713 1257 1803 0
 1345 1390 1277 1595 0
 1293 1393 233 1578 0
 1151 1334 1406 1591 0
 1279 1438 1759 1777 0
 780 715 1227 1482 0
 1163 1322 1440 1638 0
 1135 1399 1549 1707 0
 1056 943 1366 1644 0
 1160 1375 1325 1557 0
 530 798 760 1627 0
 458 457 1238 1546 0
 762 1410 1336 1679 0
 1111 1030 1416 1755 0
 953 1379 954 1523 0
 589 70 382 1704 0
 1153 1451 1383 1508 0
 1092 939 1025 1365 0
 946 981 1545 1729 0
 669 160 1273 1505 0
 1190 1257 1713 1803 0
 1246 1680 1593 1694 0
 237 254 299 1625 0
 1273 1496 783 1575 0
 565 579 1416 1563 0
 1224 1537 722 1738 0
 832 1318 1251 1640 0
 1105 1482 1203 1648 0
 1209 1496 1376 1697 0
 1150 1376 1522 1716 0
 1134 1310 1444 1574 0
 1298 1003 1530 1711 0
 267 200 231 1524 0
 488 639 1424 1664 0
 1175 1695 1315 1745 0
 1275 1299 1208 1792 0
 1152 1218 1354 1464 0
 1135 1582 1244 1776 0
 1234 1465 988 1523 0
 446 1447 1492 1816 0
 1157 1385 1319 1483 0
 1230 1697 1272 1719 0
 345 227 1261 1560 0
 704 1356 619 1409 0
 1582 1707 1369 1751 0
 869 1404 1338 1438 0
 328 1273 271 1496 0
 552 1237 695 1558 0
 951 949 1386 1608 0
 1257 1461 829 1525 0
 553 562 1490 1719 0
 1341 1352 1190 1712 0
 1074 1330 387 1512 0
 682 1346 938 1378 0
 1251 1318 832 1598 0
 1045 1087 1268 1446 0
 1234 1435 1335 1823 0
 1237 1508 1240 1741 0
 734 1273 783 1575 0
 269 1390 331 1666 0
 1109 1312 740 1504 0
 1327 1713 1217 1803 0
 1147 1380 1264 1483 0
 236 347 1249 1643 0
 1291 1460 1226 1487 0
 759 1356 1477 1559 0
 829 866 914 1257 0
 1335 1576 1234 1823 0
 1149 1395 1413 1532 0
 1167 1307 1278 1698 0
 1305 1148 1434 1676 0
 1259 1289 1218 1827 0
 1470 1495 1193 1547 0
 235 327 340 1393 0
 1157 1360 1319 1520 0
 1190 1713 1327 1803 0
 587 553 1230 1606 0
 241 1578 1224 1636 0
 1316 1437 428 1674 0
 1011 893 863 1400 0
 484 1480 1333 1521 0
 265 1360 264 1396 0
 1260 1565 1334 1650 0
 1007 1006 1259 1530 0
 1319 1360 1189 1520 0
 1212 1027 1485 1762 0
 1238 1350 1476 1716 0
 253 1235 1500 1625 0
 945 1240 965 1566 0
 1120 1696 1395 1726 0
 1348 1402 1303 1668 0
 722 1537 1224 1636 0
 1339 1426 1159 1681 0
 232 233 234 1578 0
 1160 1456 1325 1604 0
 1293 1491 1145 1539 0
 160 271 328 1273 0
 1258 1516 1233 1707 0
 1298 1359 1196 1462 0
 1178 1390 1345 1595 0
 1150 1310 1414 1574 0
 699 1219 542 1677 0
 614 1224 722 1738 0
 674 1329 645 1663 0
 365 156 1422 1562 0
 1165 1246 1449 1680 0
 1148 1434 1353 1577 0
 498 497 496 1753 0
 1462 1478 1298 1486 0
 1366 1644 1199 1781 0
 1378 1512 661 1514 0
 552 748 695 1237 0
 1194 1424 1336 1664 0
 570 617 1398 1509 0
 1140 1643 1261 1748 0
 1162 1306 1492 1520 0
 1367 1607 1262 1693 0
 1265 1484 1331 1558 0
 1166 1401 1257 1629 0
 1280 1181 1382 1483 0
 1154 1403 1215 1539 0
 418 610 603 1254 0
 271 1273 1381 1822 0
 889 1302 841 1634 0
 1607 1784 1267 1789 0
 1150 1455 1414 1573 0
 908 239 886 1721 0
 420 1303 608 1403 0
 589 1441 1226 1656 0
 1061 1314 1110 1377 0
 884 1249 240 1421 0
 1151 1296 1399 1549 0
 1149 1395 1227 1413 0
 1214 1151 1363 1467 0
 874 811 895 1592 0
 864 863 893 1400 0
 1370 1564 1215 1785 0
 353 1391 1556 1718 0
 1279 1759 1186 1777 0
 1229 1323 1504 1617 0
 966 1240 945 1685 0
 1150 1414 1310 1573 0
 1241 1447 441 1569 0
 816 901 1373 1465 0
 1198 1446 1285 1631 0
 444 1447 1353 1702 0
 1219 1273 1261 1788 0
 1148 1305 1434 1577 0
 1007 1259 1006 1767 0
 864 863 1400 1534 0
 1059 1504 1485 1527 0
 1165 1498 1449 1748 0
 1059 1485 1028 1527 0
 1281 1536 197 1570 0
 1282 1440 1163 1463 0
 1253 1263 1167 1826 0
 1150 1361 1238 1420 0
 1391 1171 1718 1721 0
 1413 1587 1350 1716 0
 1107 1081 1378 1512 0
 1226 1487 1460 1551 0
 511 1262 512 1693 0
 745 1648 1305 1651 0
 1148 1353 1434 1676 0
 1316 1674 1201 1797 0
 1111 1030 1029 1416 0
 1172 1460 1340 1548 0
 734 783 720 1575 0
 1048 1518 1451 1685 0
 546 1203 745 1651 0
 340 235 1393 1541 0
 1156 1515 1222 1800 0
 865 862 1534 1583 0
 511 1579 1262 1693 0
 220 1286 1345 1423 0
 491 1392 1288 1526 0
 964 1701 1315 1807 0
 1211 1147 1356 1692 0
 1118 1125 1400 1817 0
 502 1554 1221 1624 0
 459 458 1238 1476 0
 1301 1179 1623 1723 0
 431 429 1276 1427 0
 431 432 1427 1509 0
 1311 1355 1201 1785 0
 1147 1692 1211 1813 0
 1030 1452 1274 1755 0
 1164 1299 1275 1751 0
 1121 1660 1044 1737 0
 1610 1784 1607 1789 0
 1143 1433 1231 1529 0
 1175 1338 1404 1681 0
 647 1269 497 1456 0
 858 825 1271 1404 0
 1137 1418 1443 1825 0
 343 146 813 1391 0
 1171 1491 1245 1556 0
 1221 1419 1188 1439 0
 280 1433 1231 1500 0
 1191 1430 1266 1745 0
 1292 1363 1214 1619 0
 168 170 1283 1432 0
 1171 1245 1391 1556 0
 766 1290 543 1717 0
 1380 1483 1319 1653 0
 1146 1340 1239 1469 0
 1259 1454 1007 1783 0
 1161 1289 1259 1764 0
 832 830 1318 1525 0
 1151 1317 1230 1591 0
 462 459 1350 1476 0
 1417 1609 1267 1784 0
 1170 1444 1310 1586 0
 1050 1331 1265 1729 0
 1288 1392 491 1743 0
 832 830 1525 1640 0
 1380 1653 1319 1813 0
 1177 1375 1604 1779 0
 859 1315 1588 1807 0
 486 485 487 1664 0
 639 488 485 1664 0
 878 867 868 1598 0
 1147 1211 1380 1813 0
 271 227 1381 1788 0
 1055 1354 1016 1742 0
 1158 1206 1407 1448 0
 292 291 153 1410 0
 620 437 439 1569 0
 868 867 831 1318 0
 1215 1403 1303 1665 0
 1226 1460 1291 1551 0
 1308 1707 1582 1751 0
 303 1347 184 1538 0
 1081 929 660 1512 0
 832 1525 1318 1640 0
 482 483 1244 1580 0
 1310 1444 1413 1586 0
 247 204 205 1260 0
 1205 1336 1244 1582 0
 1288 1561 1743 1769 0
 860 1271 1652 1752 0
 1316 1564 1145 1797 0
 474 1317 559 1467 0
 1103 1754 1373 1780 0
 720 783 1496 1575 0
 437 1387 448 1398 0
 1161 1478 1311 1486 0
 1006 1259 1530 1767 0
 234 233 1393 1578 0
 1200 1522 1376 1716 0
 1058 1062 938 1378 0
 1131 1462 1254 1611 0
 390 1329 312 1513 0
 418 603 602 1371 0
 220 1345 1286 1666 0
 1305 1577 1343 1648 0
 1262 1684 1206 1784 0
 1189 1360 1280 1770 0
 326 1233 1646 1686 0
 150 1290 363 1479 0
 1249 1535 1421 1598 0
 769 694 550 1458 0
 431 433 432 1509 0
 1184 1256 1411 1743 0
 1143 1231 1321 1714 0
 1289 517 1616 1735 0
 1308 1442 1183 1585 0
 977 1323 963 1395 0
 1237 1451 1383 1518 0
 1137 1425 1223 1508 0
 360 736 1475 1739 0
 1140 1249 1535 1643 0
 1392 1184 1743 1769 0
 1146 1544 1236 1668 0
 1145 1316 1242 1539 0
 458 1546 1238 1651 0
 1030 1029 1274 1762 0
 1132 1241 1520 1692 0
 1244 1336 1205 1580 0
 262 1562 679 1683 0
 1362 1667 1463 1771 0
 1098 1274 1030 1452 0
 1156 1367 1228 1789 0
 1026 1101 927 1458 0
 1254 1514 610 1699 0
 887 868 877 1449 0
 1223 1425 1137 1551 0
 1045 1085 1087 1446 0
 1197 1332 1670 1682 0
 1310 1134 1573 1574 0
 227 1381 1261 1560 0
 405 525 1548 1590 0
 1261 1501 1219 1536 0
 835 832 1598 1623 0
 1201 1616 1427 1674 0
 1197 1670 1348 1682 0
 1179 1264 1326 1731 0
 971 966 1359 1628 0
 263 222 338 1422 0
 1188 1624 1439 1809 0
 325 667 363 1290 0
 1309 1547 1495 1615 0
 265 1396 1477 1770 0
 809 953 892 1523 0
 1150 1219 1420 1749 0
 647 500 1269 1456 0
 1305 1648 1203 1651 0
 1240 1451 1153 1508 0
 1268 1353 566 1577 0
 576 780 1227 1696 0
 264 1572 1360 1770 0
 560 514 559 1358 0
 218 1493 217 1511 0
 997 1312 1076 1504 0
 1280 1382 1181 1709 0
 1265 1331 1050 1558 0
 535 1289 611 1427 0
 263 222 1422 1423 0
 1376 1575 1496 1810 0
 1173 1459 1300 1657 0
 966 1451 1240 1685 0
 790 687 366 1563 0
 1185 1294 1430 1758 0
 1256 1743 1184 1769 0
 566 1353 1268 1702 0
 1091 1228 1602 1662 0
 387 1074 729 1330 0
 1067 1605 1379 1695 0
 942 1566 943 1644 0
 1298 1462 1196 1478 0
 1240 1297 1176 1366 0
 1221 1554 1269 1800 0
 327 340 1393 1709 0
 318 672 1422 1571 0
 1237 1451 1240 1508 0
 601 1558 1331 1656 0
 356 1475 1236 1739 0
 971 1040 1039 1359 0
 562 1697 1490 1719 0
 941 1465 1116 1780 0
 629 1305 453 1434 0
 1224 1393 241 1541 0
 411 1340 606 1519 0
 204 1260 1428 1650 0
 1341 1190 1649 1712 0
 1225 1170 1461 1573 0
 1183 1308 1339 1442 0
 237 1235 253 1625 0
 1282 1446 1069 1737 0
 1148 1362 1463 1771 0
 1140 1535 1281 1643 0
 297 1396 1360 1570 0
 1184 1411 1392 1743 0
 1133 1687 1515 1814 0
 1182 1405 1468 1645 0
 1192 1406 1593 1694 0
 503 1554 502 1624 0
 1322 1163 1440 1618 0
 1240 1359 1153 1451 0
 687 790 714 1256 0
 197 1536 1281 1643 0
 1137 1253 1708 1825 0
 1201 1564 1276 1568 0
 231 1524 200 1556 0
 1137 1508 1237 1741 0
 1305 630 1577 1648 0
 1242 1293 1145 1539 0
 1276 1201 1674 1797 0
 1149 1413 1227 1540 0
 663 1482 932 1648 0
 415 414 1402 1630 0
 262 1562 1683 1706 0
 1140 1306 1459 1501 0
 625 444 445 1353 0
 1182 1443 1418 1825 0
 1241 1447 1569 1667 0
 647 497 500 1456 0
 345 1381 227 1560 0
 388 718 1268 1446 0
 1256 1507 1743 1769 0
 1266 1527 1430 1701 0
 1135 1549 1244 1582 0
 613 1242 582 1437 0
 1199 1366 1240 1566 0
 670 725 1329 1513 0
 1196 1371 1254 1462 0
 669 1273 734 1749 0
 1220 1422 263 1562 0
 578 1229 1504 1617 0
 1188 1367 1439 1610 0
 1145 1491 1370 1539 0
 265 164 307 1477 0
 977 997 963 1323 0
 207 1337 1646 1720 0
 1137 1443 1418 1484 0
 1293 1391 1245 1556 0
 502 501 503 1624 0
 1357 1544 194 1718 0
 1174 1370 1250 1756 0
 870 1258 823 1516 0
 1296 1358 1151 1467 0
 1156 1610 1367 1789 0
 1153 1240 1508 1626 0
 246 1390 1345 1666 0
 444 1447 1702 1796 0
 1263 1592 1167 1826 0
 1179 1380 1264 1637 0
 1212 1485 1527 1762 0
 1019 1395 1217 1726 0
 1179 1326 1264 1483 0
 580 1229 578 1617 0
 1164 1582 1369 1751 0
 780 715 576 1227 0
 1140 1249 1643 1748 0
 1207 1369 1707 1751 0
 490 487 1288 1507 0
 1228 1607 1267 1789 0
 1444 1532 1413 1586 0
 1170 1532 1444 1586 0
 670 725 390 1329 0
 1369 1686 186 1689 0
 1258 1516 1302 1655 0
 527 428 1316 1437 0
 168 1432 1283 1472 0
 1287 1163 1463 1631 0
 1219 542 1677 1749 0
 1179 1483 1380 1653 0
 653 508 1367 1439 0
 1203 1482 786 1648 0
 917 1067 898 1695 0
 1030 1102 1452 1755 0
 1259 1161 1530 1767 0
 207 1646 1337 1773 0
 487 1288 1507 1664 0
 218 1286 1493 1511 0
 805 915 1068 1327 0
 1237 1383 1451 1508 0
 769 569 750 1365 0
 345 227 202 1261 0
 1188 1221 1439 1624 0
 1326 1385 1181 1483 0
 1607 1610 1262 1784 0
 836 1528 1623 1723 0
 1244 1205 1549 1580 0
 1137 1332 1425 1508 0
 1025 1365 1331 1729 0
 965 945 966 1240 0
 667 699 1290 1505 0
 1386 1528 1163 1638 0
 724 1661 1479 1717 0
 1392 1411 554 1743 0
 476 1384 1292 1820 0
 1282 1440 1341 1608 0
 836 880 1528 1723 0
 1264 1517 1181 1672 0
 1242 613 1403 1805 0
 783 1273 362 1496 0
 1163 1322 1287 1618 0
 1030 1274 1029 1416 0
 150 363 315 1479 0
 1002 1298 1003 1530 0
 517 787 658 1289 0
 271 1496 1273 1822 0
 1220 1562 263 1706 0
 1005 1259 1007 1783 0
 759 1477 1252 1736 0
 634 1606 1317 1719 0
 693 365 289 1422 0
 758 584 1277 1625 0
 1019 1726 1217 1757 0
 1247 1730 1407 1802 0
 679 1562 1368 1683 0
 1377 1156 1554 1808 0
 861 815 1366 1781 0
 685 1554 1377 1675 0
 1402 1635 1303 1668 0
 1048 1047 1053 1518 0
 1221 1188 1419 1678 0
 1156 1435 1222 1515 0
 1218 1494 1289 1767 0
 1451 1518 1237 1685 0
 955 958 957 1284 0
 1137 1443 1484 1551 0
 883 295 804 1584 0
 1161 1298 1478 1486 0
 521 1540 1349 1617 0
 1392 1596 1269 1779 0
 685 712 1377 1554 0
 340 1541 1393 1709 0
 1143 1529 1231 1714 0
 806 1450 1313 1506 0
 1195 1492 1447 1816 0
 184 1538 1347 1634 0
 1142 1585 1308 1622 0
 1285 1446 1282 1631 0
 476 1384 478 1801 0
 1267 1155 1441 1722 0
 1276 1517 1264 1797 0
 1191 1266 1430 1701 0
 777 73 1092 1365 0
 177 1382 144 1421 0
 1145 1437 1316 1797 0
 683 921 1090 1314 0
 1133 1419 1320 1800 0
 246 331 1390 1666 0
 1274 1416 1030 1755 0
 786 745 546 1203 0
 608 1403 1303 1635 0
 292 291 1410 1614 0
 197 1281 196 1643 0
 1212 1474 1274 1762 0
 362 783 734 1273 0
 1169 1243 1271 1652 0
 859 875 1315 1807 0
 1254 1371 1196 1699 0
 832 830 831 1318 0
 1166 1401 1322 1640 0
 1150 1455 1361 1657 0
 554 1411 1392 1642 0
 292 293 214 1410 0
 420 421 1665 1805 0
 174 1390 1283 1433 0
 593 402 400 1590 0
 530 1212 760 1801 0
 194 195 1357 1718 0
 1071 995 1091 1602 0
 527 613 582 1437 0
 1302 1584 1347 1634 0
 1130 1361 1238 1716 0
 1178 1345 1286 1466 0
 1130 1587 1413 1716 0
 1136 1464 1380 1568 0
 633 1673 1376 1697 0
 128 1468 1405 1645 0
 613 1242 1403 1633 0
 757 542 1219 1749 0
 964 1315 1266 1605 0
 1343 1648 1577 1660 0
 1312 1540 568 1617 0
 884 240 1249 1498 0
 1185 1292 1363 1647 0
 1156 1419 1221 1439 0
 446 1447 443 1492 0
 736 1475 1236 1763 0
 569 784 383 1567 0
 663 786 1482 1648 0
 1402 1519 1340 1670 0
 1186 1295 1234 1523 0
 1252 1147 1541 1811 0
 1172 1425 1223 1551 0
 685 779 712 1554 0
 1340 1425 1146 1670 0
 1156 1439 1367 1610 0
 1007 1259 1005 1530 0
 210 1433 280 1500 0
 1223 1425 1340 1670 0
 1217 1586 1351 1803 0
 1189 1477 1356 1559 0
 1157 1382 1421 1598 0
 578 1485 1229 1801 0
 1516 1584 295 1686 0
 512 1262 547 1567 0
 1301 1623 1528 1723 0
 291 215 312 1329 0
 826 1246 828 1461 0
 1372 1473 1305 1481 0
 1267 1784 1609 1789 0
 1371 1383 1153 1778 0
 401 1365 750 1722 0
 1250 1370 1245 1491 0
 1110 1061 1090 1314 0
 741 1500 1235 1625 0
 1139 1266 1430 1745 0
 1217 1497 976 1757 0
 1250 1168 1503 1510 0
 587 553 562 1490 0
 1187 1581 1534 1597 0
 683 1090 381 1314 0
 345 1261 202 1560 0
 878 1249 903 1421 0
 975 966 945 1685 0
 595 1548 1445 1793 0
 1269 497 1456 1596 0
 1417 1443 1407 1786 0
 663 932 373 1648 0
 1300 1434 451 1816 0
 917 898 875 1315 0
 268 1236 1544 1746 0
 955 957 954 1379 0
 760 1485 1212 1627 0
 1163 1440 1282 1608 0
 1164 1275 1308 1751 0
 1237 1240 1685 1741 0
 1132 1241 1692 1813 0
 1284 1453 1186 1769 0
 1178 1390 1283 1666 0
 1227 1413 1395 1587 0
 730 636 1358 1457 0
 1182 1417 1407 1802 0
 669 1505 1273 1749 0
 1430 1532 1444 1740 0
 1173 1361 1238 1473 0
 1324 1458 1228 1602 0
 1303 1348 1197 1402 0
 1240 1297 1199 1741 0
 1182 1405 1253 1825 0
 1265 1558 1050 1685 0
 911 1255 844 1510 0
 1204 1750 1450 1814 0
 1236 1475 356 1544 0
 266 1542 1293 1556 0
 1165 1593 1246 1680 0
 759 1477 697 1559 0
 847 888 1352 1386 0
 528 442 444 1796 0
 1509 1742 536 1799 0
 951 1608 1374 1804 0
 759 540 1356 1559 0
 1055 1016 1015 1742 0
 910 1429 1415 1790 0
 299 1345 246 1390 0
 1253 1469 1167 1529 0
 1310 1573 1414 1574 0
 462 1350 459 1522 0
 1139 1430 1266 1772 0
 411 409 410 1519 0
 456 629 1546 1651 0
 861 815 862 1366 0
 1426 1452 1284 1600 0
 1239 1763 1475 1793 0
 910 871 1429 1790 0
 1185 1363 1294 1775 0
 1307 1503 1168 1510 0
 1101 1082 694 1662 0
 1131 1250 1370 1756 0
 462 631 459 1476 0
 1340 1402 1146 1763 0
 1301 1528 880 1723 0
 1195 1667 1362 1676 0
 487 641 486 1507 0
 326 1646 1233 1720 0
 582 1437 1242 1744 0
 1163 1287 1463 1618 0
 1238 1361 1130 1473 0
 966 975 1451 1685 0
 1299 1538 1347 1689 0
 456 629 452 1546 0
 762 1336 523 1580 0
 902 1327 1351 1803 0
 646 1325 493 1526 0
 1373 1465 1204 1795 0
 457 1420 1238 1546 0
 1139 1271 1243 1745 0
 1419 1604 1320 1800 0
 1067 1315 1605 1695 0
 1150 1238 1361 1716 0
 588 536 1509 1742 0
 1337 1358 1296 1457 0
 997 1323 977 1395 0
 1194 1288 1442 1664 0
 126 1263 125 1531 0
 1312 1395 1000 1696 0
 483 481 482 1244 0
 1530 1603 1259 1783 0
 1133 1320 1604 1800 0
 326 1646 317 1686 0
 497 1269 647 1596 0
 460 1522 1420 1575 0
 1152 1287 1631 1690 0
 605 404 406 1656 0
 1183 1585 1442 1777 0
 1098 1030 1102 1452 0
 1154 1303 1635 1668 0
 875 917 1315 1807 0
 521 568 1540 1617 0
 411 606 414 1519 0
 444 1353 625 1702 0
 1177 1596 1392 1779 0
 493 1325 496 1596 0
 218 1286 220 1423 0
 1330 1451 1518 1778 0
 1430 1527 1266 1772 0
 1304 1193 1493 1555 0
 199 194 195 1357 0
 1282 1374 1163 1608 0
 1292 1772 1384 1801 0
 1430 1444 1294 1740 0
 1137 1425 1332 1708 0
 670 312 311 1513 0
 563 1496 1490 1697 0
 828 1246 877 1449 0
 249 1572 264 1770 0
 826 1652 1499 1752 0
 658 1346 1289 1494 0
 1228 1314 1156 1602 0
 685 1554 1675 1747 0
 1249 1560 1261 1748 0
 1453 1576 1186 1769 0
 580 1229 1553 1801 0
 1293 1491 1245 1791 0
 1151 1773 1334 1782 0
 1007 1005 1006 1530 0
 413 1371 513 1778 0
 602 418 1371 1630 0
 996 1379 1067 1605 0
 1163 1374 1282 1631 0
 1245 1391 1293 1542 0
 965 1240 966 1628 0
 730 1358 165 1457 0
 1057 888 881 1386 0
 670 1329 390 1513 0
 1307 1471 1250 1510 0
 464 463 1522 1724 0
 1212 1384 1772 1801 0
 490 1288 491 1743 0
 745 1203 1648 1651 0
 458 1238 1476 1651 0
 726 1476 715 1482 0
 1616 1632 427 1674 0
 831 868 1318 1449 0
 1147 1319 1380 1483 0
 1000 1076 997 1312 0
 1189 1396 1360 1770 0
 1145 1564 1264 1797 0
 776 939 73 1331 0
 359 938 1081 1378 0
 1407 1595 1448 1786 0
 917 1315 1067 1695 0
 1188 1221 1624 1678 0
 1278 194 1544 1718 0
 1264 1483 1181 1517 0
 1356 1409 1252 1811 0
 699 766 667 1290 0
 314 318 1422 1571 0
 677 1314 1377 1808 0
 903 1249 868 1498 0
 1134 1406 1591 1694 0
 1346 1378 1161 1530 0
 1139 1430 1740 1745 0
 388 662 718 1446 0
 1100 1482 389 1696 0
 1357 1524 1154 1556 0
 1194 1333 1288 1664 0
 542 699 757 1219 0
 675 315 363 1479 0
 1442 1585 1279 1777 0
 1414 1573 1134 1574 0
 1231 1344 1445 1590 0
 1269 1642 1392 1779 0
 197 1536 201 1570 0
 1305 453 1434 1577 0
 1577 1648 630 1660 0
 813 239 908 1391 0
 912 813 1391 1533 0
 1240 1366 1176 1628 0
 466 1349 521 1540 0
 1554 1747 1269 1800 0
 1400 1534 1187 1581 0
 913 873 1511 1634 0
 1311 1731 1564 1764 0
 758 1277 584 1571 0
 1147 1356 1409 1612 0
 1490 1496 1209 1697 0
 1267 1365 1155 1722 0
 1176 1297 1240 1626 0
 449 447 1434 1816 0
 749 601 541 1558 0
 1371 1519 1383 1778 0
 747 802 690 1477 0
 752 547 1448 1567 0
 829 1257 914 1752 0
 785 387 729 1330 0
 197 201 1536 1643 0
 737 1296 1457 1580 0
 1014 1015 1016 1397 0
 1183 1438 1404 1655 0
 1270 1160 1555 1678 0
 1382 1421 177 1572 0
 194 1357 199 1544 0
 877 828 827 1246 0
 652 1228 739 1662 0
 290 1242 286 1744 0
 387 1330 785 1512 0
 1230 1490 1565 1703 0
 1042 1120 1395 1726 0
 1150 1414 1455 1810 0
 1325 1375 1177 1557 0
 1256 1411 1084 1639 0
 739 1228 652 1607 0
 1204 1364 1780 1789 0
 578 1229 1485 1504 0
 1234 1364 1204 1814 0
 1305 1372 1148 1676 0
 1247 1388 1180 1750 0
 1204 1408 1364 1789 0
 745 1203 786 1648 0
 611 1427 1289 1616 0
 303 182 184 1347 0
 1141 1561 1288 1769 0
 1204 1364 1234 1465 0
 1142 1302 1585 1622 0
 1206 1407 1448 1786 0
 1627 1762 1212 1768 0
 932 1482 1105 1648 0
 266 1293 230 1556 0
 238 146 343 1391 0
 1071 1324 995 1602 0
 973 1343 1341 1737 0
 1191 1740 1430 1745 0
 1149 1227 1395 1540 0
 500 647 1269 1747 0
 1147 1252 1409 1811 0
 275 1445 1344 1700 0
 1259 1603 1454 1783 0
 901 941 1373 1465 0
 341 222 263 1423 0
 205 1381 1260 1822 0
 1330 1153 1451 1778 0
 559 1317 634 1606 0
 589 382 404 1487 0
 1346 1530 1161 1767 0
 1052 1025 939 1331 0
 1257 1190 1401 1803 0
 623 1447 1241 1492 0
 673 1410 153 1663 0
 942 1545 1566 1644 0
 1378 1512 1196 1711 0
 1087 1268 388 1660 0
 580 1553 1229 1617 0
 828 826 827 1246 0
 1293 1154 1524 1556 0
 1308 1207 1707 1751 0
 1245 1326 1174 1613 0
 867 832 1318 1598 0
 806 817 1313 1450 0
 911 907 844 1255 0
 1189 1477 1396 1770 0
 327 1393 1542 1709 0
 1183 1442 1339 1777 0
 1314 1367 1156 1808 0
 1172 1223 1460 1551 0
 1152 1464 1287 1690 0
 482 1244 481 1671 0
 1178 1309 1247 1466 0
 1045 1069 1446 1737 0
 292 1410 214 1614 0
 957 1284 984 1453 0
 714 1256 790 1743 0
 1278 1307 1503 1698 0
 1380 1464 1232 1568 0
 1211 1387 1398 1489 0
 500 1554 534 1747 0
 818 1450 806 1506 0
 1036 1608 951 1804 0
 1004 1002 1003 1530 0
 1341 1352 968 1608 0
 658 1494 1289 1799 0
 1203 1587 1482 1726 0
 1256 714 1411 1743 0
 1141 1284 1426 1654 0
 878 868 903 1249 0
 1137 1425 1253 1551 0
 486 551 1333 1507 0
 1436 1462 1176 1486 0
 1106 1346 376 1494 0
 1161 1259 1603 1764 0
 1252 1477 1356 1811 0
 790 1256 735 1507 0
 636 514 560 1358 0
 1294 1363 1139 1619 0
 227 1261 1381 1788 0
 436 1398 433 1612 0
 297 264 208 1360 0
 872 904 885 1691 0
 302 360 1475 1739 0
 1332 1519 1197 1670 0
 1030 1274 1098 1762 0
 980 1282 1069 1737 0
 150 349 1290 1479 0
 1296 1337 1151 1358 0
 1029 1416 1274 1762 0
 1270 1502 1220 1555 0
 1137 1253 1443 1551 0
 326 1233 1686 1720 0
 1445 1548 1239 1793 0
 223 220 1345 1423 0
 1416 1762 1627 1768 0
 1181 1385 1382 1483 0
 1228 1267 1609 1789 0
 578 581 1485 1801 0
 241 1537 1224 1541 0
 1304 1470 1193 1555 0
 1269 1596 1392 1642 0
 503 1439 1554 1624 0
 1167 1278 1589 1700 0
 892 855 809 1523 0
 483 481 1244 1552 0
 1319 1385 1157 1653 0
 1157 1385 1382 1598 0
 1156 1419 1515 1800 0
 1250 1503 1307 1510 0
 1140 1501 1459 1657 0
 600 601 1331 1656 0
 867 832 831 1318 0
 1245 1174 1326 1672 0
 1261 1381 1165 1560 0
 1267 1155 1365 1609 0
 356 302 1475 1739 0
 1130 1372 1629 1713 0
 259 1505 1290 1536 0
 269 1472 1283 1666 0
 1376 1496 1209 1810 0
 990 1465 1364 1780 0
 1333 1507 1288 1664 0
 450 629 453 1434 0
 1154 1303 1348 1611 0
 1160 1220 1502 1555 0
 835 1598 1385 1623 0
 1258 1622 1516 1707 0
 1212 1627 1027 1762 0
 884 878 903 1421 0
 333 1273 160 1788 0
 1267 1441 1206 1567 0
 1313 1450 1204 1750 0
 1203 1328 1587 1726 0
 1136 1564 1731 1764 0
 1204 1408 1750 1814 0
 1223 1137 1508 1551 0
 1323 1497 1191 1701 0
 1167 1469 1278 1700 0
 1289 1427 535 1799 0
 993 1435 989 1823 0
 1147 1409 1356 1811 0
 842 1302 889 1584 0
 670 390 312 1513 0
 1218 1397 1259 1827 0
 1274 1452 1098 1605 0
 283 1537 1252 1736 0
 1043 1227 1696 1726 0
 606 411 410 1340 0
 1148 1305 1343 1481 0
 1246 1461 826 1499 0
 1161 1355 1311 1785 0
 704 619 616 1409 0
 1403 1665 1215 1805 0
 211 1283 174 1390 0
 1060 767 1485 1504 0
 213 1299 1538 1728 0
 981 1265 1046 1566 0
 1200 1444 1310 1574 0
 1178 1247 1309 1531 0
 1321 1231 1590 1714 0
 1052 1025 1331 1729 0
 1250 1471 1307 1503 0
 602 413 415 1630 0
 482 523 483 1580 0
 272 197 201 1570 0
 824 1258 870 1429 0
 1154 1293 1491 1556 0
 1275 1442 1308 1787 0
 306 778 167 1500 0
 1480 1488 1214 1671 0
 1224 1517 1276 1797 0
 1222 1675 1554 1747 0
 1374 1397 1020 1594 0
 1322 1163 1528 1638 0
 902 859 891 1351 0
 578 1485 767 1504 0
 1206 1567 1441 1704 0
 453 449 1434 1577 0
 613 1316 527 1805 0
 1198 1702 1447 1796 0
 1209 1565 1490 1703 0
 239 1394 886 1721 0
 1132 1618 1287 1653 0
 243 244 283 1252 0
 1275 1208 1557 1792 0
 1160 1220 1368 1502 0
 1238 1150 1420 1522 0
 1046 981 1050 1265 0
 735 1507 1256 1563 0
 1223 1519 1332 1670 0
 241 1224 1537 1636 0
 1134 1406 1593 1703 0
 704 1409 616 1738 0
 970 968 969 1341 0
 436 433 1398 1509 0
 771 1235 586 1705 0
 769 750 401 1365 0
 1190 1766 1401 1803 0
 790 1256 1507 1743 0
 875 959 917 1807 0
 957 984 985 1453 0
 714 554 1411 1743 0
 1148 1362 1440 1463 0
 1263 1283 1167 1592 0
 1392 1743 1561 1769 0
 610 418 419 1254 0
 1154 1348 1303 1668 0
 1132 1692 1520 1813 0
 663 373 786 1648 0
 419 1254 418 1630 0
 1153 1359 1330 1451 0
 758 399 584 1625 0
 1397 1725 1259 1827 0
 1334 1565 1230 1782 0
 1167 1394 1307 1592 0
 1304 1193 1470 1792 0
 831 1449 1318 1525 0
 382 1321 402 1487 0
 518 484 1333 1521 0
 1472 1531 1178 1691 0
 1618 1623 1322 1653 0
 973 1341 1343 1649 0
 1236 1635 1154 1746 0
 1248 1199 1418 1545 0
 126 1263 1531 1826 0
 1132 1306 1362 1618 0
 586 1235 741 1705 0
 265 264 297 1396 0
 597 595 596 1548 0
 1155 1226 1441 1484 0
 1005 1530 1259 1783 0
 1219 1300 1290 1501 0
 1144 1388 1466 1543 0
 818 1450 1506 1615 0
 943 945 965 1566 0
 1146 1402 1340 1670 0
 268 1739 1236 1746 0
 829 1461 1257 1752 0
 1193 1760 1470 1792 0
 1200 1350 1413 1540 0
 1029 1627 1416 1762 0
 704 1252 759 1356 0
 855 856 809 1379 0
 1187 1454 1603 1783 0
 1308 1207 1622 1707 0
 819 1506 876 1615 0
 264 1360 297 1396 0
 1294 1363 1169 1694 0
 595 596 1548 1793 0
 1195 1362 1306 1459 0
 623 443 1447 1492 0
 274 1589 1344 1821 0
 486 551 518 1333 0
 566 1268 718 1702 0
 1338 1404 1183 1438 0
 1260 1381 1165 1414 0
 1280 1541 1147 1811 0
 208 197 1570 1710 0
 1294 1444 1430 1758 0
 363 1290 676 1479 0
 184 1347 182 1634 0
 275 1239 1445 1700 0
 740 1109 1077 1312 0
 586 741 1235 1625 0
 615 431 1276 1409 0
 1182 1418 1248 1468 0
 1155 1431 1365 1609 0
 936 1079 371 1285 0
 1044 1660 1343 1737 0
 930 1055 1127 1354 0
 826 827 1246 1499 0
 1190 1352 1341 1440 0
 1151 1406 1334 1688 0
 984 1453 1284 1639 0
 565 518 551 1521 0
 1223 1508 1291 1551 0
 240 1249 347 1421 0
 701 1580 1457 1679 0
 1441 1567 383 1704 0
 1019 977 976 1395 0
 1136 1731 1311 1764 0
 1165 1449 1225 1748 0
 564 1496 563 1697 0
 1027 1122 1485 1527 0
 1220 1422 1202 1423 0
 850 1471 1391 1721 0
 233 1293 266 1542 0
 1145 1264 1517 1797 0
 1274 1416 1213 1521 0
 987 1256 1084 1639 0
 1165 1225 1449 1573 0
 1344 1589 274 1700 0
 1132 1520 1319 1813 0
 1226 1484 1443 1551 0
 1179 1380 1287 1653 0
 614 428 537 1437 0
 1368 1683 1562 1706 0
 519 1697 562 1719 0
 889 841 1495 1634 0
 205 1260 191 1565 0
 517 787 1289 1616 0
 169 1666 1511 1691 0
 1135 1488 1244 1549 0
 1374 1608 1282 1804 0
 1139 1294 1271 1740 0
 1293 1245 1491 1556 0
 564 1490 563 1496 0
 1099 1007 1454 1783 0
 1279 1375 1216 1585 0
 1395 1696 1227 1726 0
 230 1524 231 1556 0
 126 1531 1645 1826 0
 760 1212 1485 1801 0
 964 1315 960 1807 0
 1084 1256 1063 1563 0
 1382 849 1421 1598 0
 1150 1361 1310 1716 0
 771 1448 1235 1705 0
 1264 1179 1637 1731 0
 1266 1474 1274 1605 0
 1374 1386 1163 1608 0
 1277 1390 1235 1595 0
 1220 1160 1368 1555 0
 1059 1060 1028 1485 0
 1130 1473 1481 1587 0
 1272 1185 1591 1765 0
 1264 1672 1326 1731 0
 1391 1471 850 1533 0
 1093 659 937 1485 0
 1071 1431 1324 1458 0
 849 1385 1382 1533 0
 1147 1380 1319 1813 0
 1353 1434 449 1577 0
 211 1390 174 1433 0
 1059 1323 1504 1527 0
 1397 1454 1259 1725 0
 824 1258 1429 1652 0
 371 936 1285 1446 0
 735 1256 790 1563 0
 1220 1493 1423 1555 0
 1442 1585 1308 1787 0
 1042 1120 1000 1395 0
 544 1296 737 1580 0
 759 697 540 1559 0
 780 1482 1227 1696 0
 1168 1253 1425 1698 0
 254 310 1277 1625 0
 1149 1323 1395 1532 0
 1060 1485 1059 1504 0
 1089 1067 1315 1605 0
 191 1565 1260 1650 0
 1162 1479 1661 1717 0
 1142 1275 1557 1792 0
 322 1498 1428 1560 0
 876 1495 821 1615 0
 1076 1312 1109 1504 0
 1292 1553 1185 1758 0
 989 990 988 1465 0
 1420 1657 1173 1677 0
 1160 1604 1320 1678 0
 126 125 1263 1592 0
 831 1318 830 1525 0
 1124 1073 1074 1512 0
 1165 1225 1455 1748 0
 1225 1165 1455 1573 0
 819 876 821 1615 0
 230 1293 1524 1556 0
 1132 1306 1618 1815 0
 1156 1228 1602 1789 0
 419 1254 1630 1665 0
 1360 1572 1280 1770 0
 269 211 331 1390 0
 211 210 1390 1433 0
 729 926 707 1330 0
 1278 1394 1167 1589 0
 185 182 303 1347 0
 610 1254 419 1665 0
 1059 1051 1323 1527 0
 1234 1204 1465 1814 0
 941 1103 1373 1780 0
 1201 1564 1311 1785 0
 661 1514 1512 1699 0
 1056 920 943 1644 0
 1233 1429 1415 1516 0
 1250 1471 1245 1613 0
 735 551 1507 1563 0
 587 755 553 1606 0
 1149 1444 1430 1532 0
 1302 1634 1347 1760 0
 1233 1646 1337 1720 0
 197 196 198 1643 0
 233 230 266 1293 0
 1246 1461 1170 1573 0
 1392 1642 1184 1779 0
 1322 1618 1166 1640 0
 1193 1538 1760 1792 0
 584 1277 585 1732 0
 1281 1536 1501 1643 0
 1168 1425 1253 1708 0
 1302 1622 1142 1751 0
 1253 1168 1601 1698 0
 1020 950 1112 1397 0
 271 1381 270 1822 0
 1346 1378 682 1735 0
 1107 929 1081 1512 0
 760 659 1485 1627 0
 1167 1469 1253 1698 0
 1043 1696 1120 1726 0
 647 1596 1269 1642 0
 230 1293 232 1524 0
 1178 1283 1472 1666 0
 253 1500 155 1625 0
 1149 1323 1312 1395 0
 218 217 216 1511 0
 275 276 1239 1700 0
 531 584 585 1732 0
 1152 1594 1397 1690 0
 657 938 682 1346 0
 1142 1622 1308 1751 0
 553 1606 755 1719 0
 1317 1591 1185 1765 0
 350 1358 321 1606 0
 465 464 1673 1724 0
 1237 1047 1558 1685 0
 495 1596 647 1642 0
 1227 1482 1043 1696 0
 1452 1600 1426 1755 0
 1398 1464 1218 1509 0
 1136 1603 1311 1731 0
 1393 1224 1578 1797 0
 1223 1425 1332 1508 0
 208 180 197 1710 0
 529 1384 1480 1521 0
 1150 1575 1273 1749 0
 1016 1020 1397 1594 0
 1135 1622 1258 1707 0
 1159 1521 1384 1768 0
 1147 1409 1252 1738 0
 283 1252 244 1736 0
 202 1261 227 1788 0
 261 341 263 1706 0
 1326 1672 1174 1731 0
 984 985 1453 1639 0
 1046 1265 1050 1685 0
 757 1219 699 1505 0
 1348 1491 1503 1668 0
 1274 1762 1416 1768 0
 1208 1557 1368 1753 0
 1263 1645 1531 1826 0
 1282 1446 1285 1804 0
 1056 1366 900 1644 0
 487 490 1288 1664 0
 1267 1365 1458 1609 0
 1431 1458 1365 1609 0
 684 677 1061 1377 0
 1306 1362 1618 1620 0
 1227 1482 1476 1587 0
 1152 1398 1387 1489 0
 1384 1768 530 1801 0
 1274 1212 1762 1768 0
 637 1480 484 1521 0
 548 569 1267 1567 0
 208 1570 1360 1710 0
 1287 1653 1380 1813 0
 491 1288 489 1526 0
 1155 1484 1441 1722 0
 1344 1469 1172 1529 0
 1154 1635 1342 1746 0
 987 1084 1411 1639 0
 1244 1488 1480 1671 0
 1149 1323 1430 1758 0
 828 1246 1449 1461 0
 877 1246 827 1680 0
 173 274 1589 1700 0
 1280 1319 1189 1811 0
 1520 1692 1319 1813 0
 1173 1372 1361 1473 0
 1130 1310 1361 1716 0
 1159 1339 1243 1488 0
 757 1219 1505 1749 0
 1133 1335 1515 1599 0
 821 1615 1495 1824 0
 1356 1477 1189 1811 0
 1305 1473 1372 1676 0
 611 427 430 1427 0
 1083 666 392 1411 0
 1221 1604 1419 1800 0
 1210 1287 1528 1637 0
 993 1335 1435 1823 0
 1043 1482 1227 1726 0
 1261 1643 1249 1748 0
 1025 1431 1365 1729 0
 1169 1243 1399 1619 0
 1190 1401 1352 1440 0
 1161 1311 1478 1785 0
 395 1396 313 1479 0
 211 246 331 1390 0
 591 1448 386 1705 0
 1171 1556 1391 1718 0
 1306 1620 1618 1815 0
 283 243 1252 1537 0
 652 1367 649 1607 0
 1177 1526 1392 1596 0
 866 1401 1257 1525 0
 1037 1285 936 1446 0
 1261 1560 1165 1748 0
 836 1623 834 1723 0
 1229 1553 1292 1758 0
 839 1385 849 1533 0
 933 1411 392 1412 0
 1142 1347 1302 1751 0
 790 1507 642 1743 0
 330 1686 1369 1720 0
 1177 1557 1375 1787 0
 1261 1381 1273 1810 0
 1179 1326 1723 1731 0
 1205 1707 1549 1720 0
 490 489 491 1288 0
 980 1036 1282 1608 0
 1173 1473 1305 1676 0
 842 823 1302 1516 0
 1293 1393 1145 1791 0
 1278 1146 1503 1668 0
 425 427 1616 1632 0
 1063 1084 987 1256 0
 1130 1361 1372 1473 0
 454 1300 699 1677 0
 1240 1451 1237 1685 0
 1108 1064 1066 1563 0
 1248 1418 1199 1468 0
 645 644 1424 1526 0
 941 1116 1054 1780 0
 643 491 1392 1743 0
 1173 1372 1473 1676 0
 1134 1574 1444 1775 0
 1347 1760 1538 1792 0
 169 344 1511 1666 0
 942 944 943 1566 0
 591 1704 1448 1705 0
 1275 1329 1164 1424 0
 1352 1440 1401 1638 0
 1229 1430 1323 1758 0
 156 263 1422 1562 0
 980 952 1036 1608 0
 1379 1452 1175 1605 0
 1325 1557 1177 1787 0
 1110 1377 1314 1761 0
 846 894 1597 1641 0
 860 1652 826 1752 0
 1160 1502 1270 1555 0
 527 537 428 1437 0
 490 641 487 1507 0
 1246 877 1449 1680 0
 548 1567 1267 1607 0
 1321 1590 1487 1714 0
 793 1505 669 1749 0
 1167 1589 1344 1700 0
 1261 1560 1249 1643 0
 763 658 1346 1735 0
 683 921 1314 1662 0
 729 1074 926 1330 0
 1161 1478 1378 1514 0
 1178 1309 1286 1691 0
 1098 1274 1605 1762 0
 1136 1564 1568 1731 0
 1385 1598 1251 1623 0
 1265 1545 1199 1566 0
 150 315 349 1479 0
 954 1453 1075 1823 0
 1274 1474 1266 1762 0
 1193 1304 1538 1792 0
 188 1646 1650 1790 0
 230 232 231 1524 0
 1137 1332 1626 1708 0
 272 201 1536 1570 0
 619 1356 438 1612 0
 1216 1438 1279 1585 0
 1067 809 898 1695 0
 988 1465 854 1523 0
 1259 1764 1289 1827 0
 1069 1446 1282 1804 0
 547 753 1448 1579 0
 1197 1519 1402 1670 0
 586 1235 771 1625 0
 629 450 452 1434 0
 1205 1369 1707 1720 0
 1275 1308 1751 1787 0
 1167 1344 1469 1700 0
 1143 1595 1390 1730 0
 249 179 264 1572 0
 866 1401 1525 1640 0
 1272 1591 1185 1775 0
 1063 1256 987 1639 0
 353 1556 229 1718 0
 1235 1231 1500 1705 0
 1262 1206 1567 1784 0
 1349 1758 1444 1775 0
 609 532 504 1270 0
 429 1276 1427 1674 0
 218 220 219 1423 0
 632 1553 1349 1765 0
 1320 1470 1144 1547 0
 1065 1416 1066 1755 0
 754 337 151 1490 0
 196 1281 197 1710 0
 1302 1516 1258 1622 0
 1271 1294 1169 1499 0
 595 1445 594 1793 0
 1266 1474 1605 1745 0
 737 1296 636 1457 0
 1132 1362 1306 1667 0
 282 220 1286 1666 0
 204 1428 189 1650 0
 860 1588 1271 1752 0
 864 1534 1581 1597 0
 1176 1628 1400 1817 0
 185 182 1347 1689 0
 825 1271 1404 1652 0
 1357 1491 1154 1668 0
 441 1241 1559 1661 0
 1193 1538 1347 1760 0
 1208 1325 1557 1753 0
 1185 1591 1363 1775 0
 1136 1311 1603 1764 0
 653 1367 650 1439 0
 1285 1446 1037 1804 0
 1282 1285 1631 1804 0
 1306 1362 1195 1667 0
 954 957 1075 1453 0
 1376 1673 1574 1697 0
 129 1644 815 1781 0
 1344 1445 1239 1700 0
 864 1400 893 1581 0
 1136 1568 1564 1764 0
 1255 1510 1168 1682 0
 416 415 1402 1630 0
 948 1374 951 1386 0
 1177 1325 1275 1526 0
 276 1544 1475 1700 0
 1156 1602 1364 1789 0
 856 1338 1379 1759 0
 1437 1674 1316 1797 0
 1161 1478 1355 1785 0
 156 263 289 1422 0
 793 669 734 1749 0
 266 1391 1542 1556 0
 1273 1505 160 1788 0
 1045 1446 1268 1737 0
 1302 1347 1207 1751 0
 1309 1506 1547 1615 0
 1287 1464 1380 1637 0
 437 620 448 1387 0
 1200 1574 1376 1673 0
 858 1271 825 1588 0
 743 365 1422 1562 0
 1220 1368 1304 1555 0
 280 306 167 1500 0
 1363 1406 1169 1694 0
 244 1736 1252 1770 0
 1228 1267 1458 1609 0
 844 1510 1255 1641 0
 1146 1278 1544 1668 0
 333 271 160 1273 0
 269 1283 211 1390 0
 1278 1544 1357 1718 0
 193 1278 194 1589 0
 1156 1377 1435 1761 0
 871 1680 1429 1790 0
 1164 1369 1614 1751 0
 1285 1446 1198 1796 0
 1369 1689 1614 1751 0
 741 1235 1500 1705 0
 1257 1351 1170 1586 0
 1135 1582 1308 1707 0
 677 678 1314 1808 0
 1194 1339 1308 1442 0
 463 462 461 1522 0
 1130 1481 1372 1713 0
 1271 1588 1315 1745 0
 286 1242 1578 1744 0
 651 410 407 1460 0
 1480 1552 1333 1776 0
 415 414 416 1402 0
 169 1472 1666 1691 0
 986 1600 958 1755 0
 1137 1332 1508 1626 0
 1313 1450 1180 1506 0
 1217 1351 1327 1803 0
 893 1400 918 1581 0
 1384 1671 1214 1820 0
 973 1044 1343 1737 0
 1263 1283 1178 1730 0
 1152 1631 1374 1690 0
 1392 1411 1184 1642 0
 648 1522 460 1575 0
 244 1252 1541 1770 0
 1356 1559 1211 1692 0
 1430 1527 1323 1701 0
 1159 1480 1333 1776 0
 1476 1482 1203 1587 0
 1268 1148 1343 1737 0
 1169 1258 1429 1688 0
 1135 1308 1622 1707 0
 1341 1737 1148 1771 0
 436 617 433 1509 0
 272 1536 1290 1570 0
 1178 1595 1466 1730 0
 1563 1600 1064 1755 0
 1002 1003 1298 1711 0
 1320 1419 1133 1687 0
 1171 1391 1245 1471 0
 1156 1364 1408 1789 0
 1272 1591 1317 1765 0
 261 263 1562 1706 0
 1304 1368 1160 1555 0
 392 1411 795 1412 0
 1298 1359 1176 1817 0
 173 193 194 1589 0
 1154 1635 1236 1668 0
 865 907 911 1255 0
 1139 1266 1474 1772 0
 1392 1596 494 1642 0
 1221 1554 1439 1624 0
 1352 1163 1440 1638 0
 1281 1570 197 1710 0
 1059 1323 997 1504 0
 220 218 282 1286 0
 442 1387 620 1569 0
 774 155 320 1500 0
 1325 1526 646 1621 0
 1295 1523 1186 1759 0
 745 630 1305 1648 0
 596 1475 1763 1793 0
 1196 1330 1512 1699 0
 1238 1150 1522 1716 0
 173 274 172 1589 0
 569 383 750 1441 0
 1317 1363 1151 1467 0
 1137 1253 1425 1708 0
 1144 1388 1543 1678 0
 679 764 1368 1562 0
 381 677 678 1314 0
 942 1545 944 1566 0
 1058 1530 1346 1767 0
 274 172 1589 1821 0
 350 1773 1358 1782 0
 277 1544 276 1700 0
 6 814 885 1511 0
 1291 1508 1137 1551 0
 1180 1450 1750 1814 0
 1245 1672 1326 1791 0
 539 1514 1355 1735 0
 1147 1483 1264 1517 0
 745 1305 630 1651 0
 872 1472 904 1691 0
 483 1336 639 1552 0
 350 1358 1606 1782 0
 176 144 177 1382 0
 1095 1053 370 1518 0
 1395 1587 1217 1726 0
 1139 1430 1294 1740 0
 1369 1410 1205 1582 0
 865 1255 911 1583 0
 1379 1605 1175 1695 0
 926 707 1330 1518 0
 450 453 449 1434 0
 1392 1561 1184 1769 0
 1185 1758 1349 1775 0
 530 1627 1212 1768 0
 861 862 865 1583 0
 270 271 227 1381 0
 839 1326 835 1385 0
 1148 1440 1372 1481 0
 340 242 235 1541 0
 1144 1470 1320 1555 0
 495 494 1596 1642 0
 1191 1266 1315 1745 0
 824 1258 1652 1655 0
 1213 1426 1600 1755 0
 481 1480 1244 1552 0
 441 1559 1241 1569 0
 823 870 824 1258 0
 1484 1656 1441 1722 0
 659 937 1485 1627 0
 319 1277 310 1571 0
 1172 1487 1460 1548 0
 1127 1354 1055 1742 0
 211 174 210 1433 0
 275 1344 274 1700 0
 1502 1562 705 1659 0
 1384 1480 1214 1671 0
 1196 1359 1298 1711 0
 873 876 1309 1495 0
 244 1252 243 1541 0
 205 1260 1565 1822 0
 1418 1468 1182 1825 0
 1270 1502 609 1659 0
 524 1635 1402 1763 0
 1363 1399 1169 1406 0
 1482 1587 1227 1726 0
 668 294 336 1410 0
 1210 1454 1397 1725 0
 437 1398 436 1612 0
 276 1475 1239 1700 0
 820 1438 1615 1824 0
 1293 1542 1391 1556 0
 719 652 791 1662 0
 1196 1512 1378 1514 0
 898 857 875 1315 0
 1420 1522 1150 1575 0
 961 1497 963 1701 0
 532 1270 609 1659 0
 1143 1407 1443 1786 0
 753 585 1448 1579 0
 481 1244 1480 1671 0
 1255 1510 911 1583 0
 860 1271 825 1652 0
 809 1067 1379 1695 0
 995 1324 1018 1602 0
 1320 1419 1221 1604 0
 262 679 686 1683 0
 1316 1242 1539 1805 0
 928 684 1061 1377 0
 1222 1515 1335 1599 0
 69 1321 382 1704 0
 1168 1255 1436 1583 0
 1327 1766 1190 1803 0
 535 787 611 1289 0
 745 630 538 1651 0
 1063 1600 1256 1639 0
 207 206 1646 1773 0
 679 1368 764 1683 0
 582 1242 613 1744 0
 225 1565 279 1782 0
 1191 1315 1266 1701 0
 369 318 149 1571 0
 1071 1018 995 1324 0
 998 1328 974 1649 0
 1349 1444 1200 1775 0
 1393 1517 1181 1541 0
 1190 1440 1341 1481 0
 949 1352 1057 1386 0
 416 1402 1303 1630 0
 1154 1668 1236 1746 0
 565 1213 1416 1521 0
 912 879 813 1533 0
 1071 983 1324 1431 0
 827 824 1429 1652 0
 1196 1462 1254 1478 0
 1207 1516 1622 1707 0
 1165 1428 1260 1593 0
 1559 1569 1211 1692 0
 1218 1742 1509 1799 0
 944 981 1046 1566 0
 838 1322 1401 1640 0
 1138 1407 1684 1784 0
 980 1069 1282 1804 0
 1244 1549 1296 1580 0
 1332 1425 1168 1708 0
 1252 1537 746 1736 0
 272 1290 349 1570 0
 1133 1419 1515 1687 0
 310 319 254 1277 0
 1282 1737 1341 1771 0
 908 813 886 239 0
 1306 1501 1140 1806 0
 317 1646 1415 1686 0
 1168 1436 1255 1682 0
 1243 1404 1271 1652 0
 1307 1471 1171 1503 0
 1018 1602 1324 1780 0
 741 774 1500 1625 0
 852 1309 876 1506 0
 466 1349 1540 1724 0
 1138 1407 1784 1802 0
 865 1534 1255 1583 0
 981 1050 1265 1729 0
 1245 1145 1672 1791 0
 835 1385 1326 1723 0
 1093 377 659 1485 0
 1148 1341 1440 1481 0
 409 1519 1383 1727 0
 1368 1557 1160 1753 0
 1450 1465 853 1795 0
 1305 1173 1546 1651 0
 1464 1637 1287 1690 0
 1320 1555 1160 1678 0
 1035 1435 1377 1761 0
 1173 1546 1420 1677 0
 1372 1361 1629 1798 0
 1632 1665 423 1805 0
 210 280 253 1500 0
 1148 1268 1343 1577 0
 958 1600 1452 1755 0
 1165 1449 1246 1573 0
 653 508 650 1367 0
 1154 1491 1357 1556 0
 1334 1406 1192 1688 0
 275 1239 276 1793 0
 1087 1121 1268 1660 0
 602 513 413 1371 0
 212 1299 215 1614 0
 1155 1331 1265 1484 0
 1161 1355 1478 1514 0
 1164 1410 1369 1582 0
 282 218 344 1286 0
 535 611 430 1427 0
 1148 1343 1305 1577 0
 1011 918 893 1125 0
 1277 1158 1579 1732 0
 907 844 1255 1641 0
 632 1349 467 1765 0
 254 329 310 1625 0
 816 853 1465 1795 0
 1372 1459 1361 1798 0
 658 1289 787 1799 0
 1189 1520 1396 1661 0
 1169 1246 1499 1694 0
 1181 1245 1326 1791 0
 129 1468 1644 1781 0
 1313 1750 1204 1818 0
 69 402 382 1321 0
 1208 1304 1368 1557 0
 333 160 1505 1788 0
 451 454 452 1677 0
 246 1345 220 1666 0
 149 310 758 1571 0
 1160 1368 1304 1557 0
 988 956 989 1823 0
 478 1384 476 1820 0
 150 259 325 1290 0
 1416 1521 1274 1768 0
 344 1286 1511 1666 0
 1161 1514 1378 1735 0
 1205 1337 1296 1457 0
 1257 914 1752 1803 0
 1138 1684 1407 1802 0
 1208 1325 1275 1557 0
 692 722 1537 1738 0
 1275 1526 1325 1621 0
 1139 1740 1271 1745 0
 1183 1308 1585 1622 0
 168 124 1432 1472 0
 1307 1394 1171 1721 0
 1288 1561 1392 1743 0
 937 1027 1122 1627 0
 1135 1308 1339 1658 0
 1195 1362 1459 1676 0
 591 752 1448 1704 0
 1341 1343 1148 1737 0
 716 476 478 1801 0
 1121 1268 1660 1737 0
 842 1516 1302 1584 0
 1261 1455 1140 1748 0
 1437 1578 1224 1797 0
 810 1472 872 1691 0
 495 497 647 1596 0
 943 965 1056 1366 0
 425 427 611 1616 0
 468 1272 1673 1697 0
 344 282 1286 1666 0
 183 186 1686 1689 0
 1458 1609 1324 1789 0
 1341 1440 1352 1608 0
 1323 1430 1191 1532 0
 575 1312 568 1617 0
 436 1398 617 1509 0
 1262 1610 1188 1684 0
 1164 1424 1329 1663 0
 1508 1626 1240 1741 0
 1139 1474 1266 1745 0
 1094 1497 1327 1757 0
 326 192 317 1646 0
 1305 1473 1173 1651 0
 1246 1170 1499 1694 0
 1242 1633 613 1744 0
 1168 1436 1297 1583 0
 878 1421 849 1598 0
 1284 1452 958 1600 0
 1493 1538 1304 1706 0
 1149 1430 1323 1532 0
 1237 1685 1265 1741 0
 1157 1319 1653 1815 0
 576 1540 568 1696 0
 1195 1447 1241 1667 0
 737 1457 701 1580 0
 1130 1587 1481 1713 0
 1262 1567 512 1607 0
 1207 1308 1622 1751 0
 1245 1471 1391 1533 0
 791 652 739 1662 0
 1203 1343 1305 1481 0
 1275 1325 1177 1787 0
 363 676 675 1479 0
 235 241 1393 1541 0
 1353 1434 1195 1816 0
 1154 1524 1357 1746 0
 847 881 888 1386 0
 907 1255 865 1534 0
 1209 1381 1260 1414 0
 853 818 1295 1450 0
 1167 1278 1469 1698 0
 394 1490 564 1496 0
 1515 1687 1419 1814 0
 1378 1478 1196 1514 0
 756 545 1621 1683 0
 359 682 938 1378 0
 1189 1241 1520 1661 0
 471 1719 1317 1765 0
 812 882 296 1428 0
 1297 1366 1199 1781 0
 1036 1282 1608 1804 0
 1165 1573 1246 1593 0
 1228 1609 1458 1789 0
 969 1341 968 1608 0
 1180 1419 1320 1687 0
 1184 1642 1599 1779 0
 1212 530 1768 1801 0
 844 1613 1510 1641 0
 1161 1355 1514 1735 0
 905 1394 284 1432 0
 1165 1455 1261 1748 0
 1009 1365 1025 1431 0
 1250 1503 1168 1682 0
 1383 1519 412 1778 0
 1169 1399 1363 1619 0
 402 1321 69 1705 0
 1319 1483 1385 1653 0
 176 1382 177 1572 0
 1417 1784 1407 1802 0
 619 1409 1356 1612 0
 820 1615 821 1824 0
 275 278 274 1344 0
 785 1512 1330 1699 0
 1152 1287 1489 1631 0
 1132 1463 1287 1618 0
 1116 1465 990 1780 0
 902 1351 891 1803 0
 1290 1505 1219 1536 0
 1138 1784 1417 1802 0
 594 1445 595 1548 0
 1277 1345 1202 1571 0
 840 853 818 1295 0
 1165 1428 1593 1680 0
 1181 1541 1280 1709 0
 1170 1351 1257 1752 0
 866 833 1401 1640 0
 534 500 502 1554 0
 1168 1297 1436 1626 0
 861 1297 1583 1781 0
 1334 1192 1646 1688 0
 986 958 1102 1755 0
 1275 1751 1142 1787 0
 1350 1227 1476 1587 0
 1186 1759 1338 1777 0
 495 526 494 1642 0
 1172 1487 1548 1590 0
 1384 1521 529 1768 0
 1218 1464 1397 1827 0
 1303 1630 1254 1665 0
 1133 1375 1320 1687 0
 797 653 650 1439 0
 535 1427 432 1799 0
 1132 1653 1287 1813 0
 873 889 1495 1634 0
 356 302 154 1475 0
 409 412 1383 1519 0
 482 1580 1244 1671 0
 949 1352 1386 1608 0
 498 1456 497 1753 0
 577 580 578 1617 0
 610 422 1514 1665 0
 1178 1283 1390 1730 0
 998 973 1343 1649 0
 864 862 863 1534 0
 1220 1304 1493 1555 0
 746 1537 691 1736 0
 1413 1532 1217 1586 0
 964 978 1266 1701 0
 1282 1631 1374 1804 0
 1254 1462 1131 1478 0
 423 1632 1355 1665 0
 1056 900 920 1644 0
 1405 1708 1253 1825 0
 964 960 962 1701 0
 1174 1723 1326 1731 0
 568 1540 1312 1696 0
 290 1633 1242 1744 0
 1035 1113 1435 1761 0
 1207 1302 1516 1584 0
 1330 558 1699 1778 0
 1247 1180 1506 1750 0
 321 1358 713 1606 0
 470 468 1272 1765 0
 205 191 225 1565 0
 1164 1329 1299 1614 0
 1154 1491 1293 1539 0
 514 474 559 1467 0
 1360 1396 1189 1520 0
 1574 1673 1272 1697 0
 1155 1248 1417 1418 0
 402 403 1487 1590 0
 737 544 636 1296 0
 1302 1622 1258 1655 0
 446 445 443 1447 0
 866 829 830 1525 0
 1253 1601 1307 1698 0
 209 274 1344 1821 0
 945 1240 1566 1685 0
 1272 1185 1765 1775 0
 790 735 642 1507 0
 1162 1479 1396 1661 0
 1195 1434 1300 1816 0
 1251 1623 832 1640 0
 191 205 204 1260 0
 1017 1346 1106 1494 0
 614 615 1276 1738 0
 875 857 859 1315 0
 1166 1372 1362 1440 0
 1260 1593 1428 1650 0
 1154 1303 1403 1635 0
 615 431 429 1276 0
 1534 1641 1255 1812 0
 468 1673 633 1697 0
 1045 1087 1121 1268 0
 1473 1546 1173 1651 0
 1228 1458 1324 1789 0
 1313 817 1468 1795 0
 429 614 1276 1674 0
 1148 1362 1372 1440 0
 584 1571 1277 1732 0
 466 521 568 1540 0
 726 546 1476 1482 0
 1397 1594 1374 1690 0
 374 930 1127 1354 0
 1154 1403 1342 1635 0
 578 1504 577 1617 0
 128 1313 1468 1645 0
 1317 1363 1185 1591 0
 625 1353 566 1702 0
 860 825 1271 1588 0
 420 608 572 1403 0
 1183 1339 1308 1658 0
 384 594 1445 1793 0
 820 1438 1295 1615 0
 870 1429 1258 1516 0
 724 624 1661 1717 0
 973 1341 969 1737 0
 774 155 1500 1625 0
 1088 1058 938 1346 0
 1167 1432 1394 1592 0
 1203 1305 1473 1481 0
 1361 1372 1173 1459 0
 1150 1420 1575 1749 0
 1182 1247 1645 1802 0
 1182 1417 1248 1418 0
 771 586 741 1705 0
 759 1252 704 1736 0
 894 1534 864 1597 0
 1251 1623 1618 1653 0
 1492 1520 1241 1661 0
 1207 1347 1302 1584 0
 203 277 276 1700 0
 940 130 1129 1373 0
 1128 1330 1451 1518 0
 752 383 1567 1704 0
 1203 1481 1473 1587 0
 1338 1759 1438 1777 0
 868 887 903 1498 0
 182 1584 1347 1689 0
 588 536 617 1509 0
 253 320 155 1500 0
 1099 1005 1007 1783 0
 827 1499 826 1652 0
 733 1446 1285 1796 0
 1083 392 933 1411 0
 1298 1400 1176 1486 0
 1205 1296 1337 1549 0
 559 474 634 1317 0
 1380 1464 1136 1637 0
 730 368 636 1457 0
 1428 1593 1192 1650 0
 1413 1586 1217 1587 0
 1474 1488 1243 1619 0
 1377 1554 1222 1675 0
 1180 1450 1313 1750 0
 613 1403 574 1633 0
 233 1393 1293 1542 0
 907 1255 1534 1641 0
 1415 1646 1233 1686 0
 824 823 1258 1655 0
 1233 1415 1429 1688 0
 1165 1249 1498 1748 0
 1181 1326 1672 1791 0
 1396 1520 1162 1661 0
 1463 1489 1287 1631 0
 857 1315 898 1695 0
 763 517 658 1735 0
 429 1427 430 1674 0
 701 1457 737 1679 0
 1331 1656 1484 1722 0
 1257 1401 866 1803 0
 1261 1536 202 1643 0
 1165 1260 1414 1593 0
 1430 1444 1149 1758 0
 335 267 1524 1746 0
 1308 1582 1164 1751 0
 1198 1702 1446 1771 0
 948 951 949 1386 0
 1142 1470 1375 1585 0
 1207 1689 1369 1751 0
 518 637 484 1521 0
 1204 1780 1324 1789 0
 1388 1188 1543 1678 0
 1320 1375 1216 1687 0
 1307 1601 1253 1826 0
 1133 1576 1335 1599 0
 1182 1468 1313 1645 0
 806 818 817 1450 0
 1182 1248 1417 1802 0
 1289 1764 1715 1827 0
 1173 1657 1300 1677 0
 230 231 200 1556 0
 1355 1514 422 1665 0
 997 1059 1051 1323 0
 608 572 1403 1635 0
 504 1270 506 1624 0
 519 470 468 1272 0
 1199 1418 1265 1741 0
 1185 1363 1317 1647 0
 1219 1749 1273 1788 0
 202 1560 1261 1643 0
 955 1379 996 1452 0
 1331 1365 1155 1729 0
 539 1355 424 1735 0
 1281 1140 1501 1806 0
 1377 1554 712 1808 0
 168 170 269 1283 0
 471 470 1719 1765 0
 1602 1780 1364 1789 0
 431 430 429 1427 0
 1278 1357 1171 1718 0
 1222 1435 1335 1515 0
 1293 1524 1154 1539 0
 1026 1458 1091 1662 0
 712 684 685 1377 0
 408 552 541 1727 0
 278 1344 275 1445 0
 1187 1400 1298 1486 0
 880 836 834 1723 0
 899 895 1307 1721 0
 600 1331 73 1722 0
 1347 1538 1193 1634 0
 1162 1520 1492 1661 0
 396 694 1082 1662 0
 248 1280 244 1541 0
 1275 1526 1442 1787 0
 1261 1536 1219 1788 0
 655 360 736 1475 0
 969 1608 980 1737 0
 1342 1403 572 1635 0
 1112 1007 1014 1397 0
 1283 1432 1167 1592 0
 836 1528 1322 1623 0
 705 1502 764 1562 0
 202 1536 1261 1788 0
 234 1393 241 1578 0
 1252 1537 243 1541 0
 552 695 749 1558 0
 1147 1319 1692 1813 0
 213 215 212 1299 0
 1152 1387 1285 1631 0
 1439 1554 1156 1808 0
 1000 997 977 1395 0
 1142 1308 1585 1787 0
 204 247 322 1560 0
 473 1647 1467 1820 0
 1155 1331 1484 1722 0
 643 490 491 1743 0
 454 543 699 1300 0
 572 1403 1342 1633 0
 591 69 1704 1705 0
 1382 1385 849 1598 0
 838 833 1322 1640 0
 518 484 486 1333 0
 845 1386 1528 1669 0
 1138 1784 1610 1789 0
 640 1424 1336 1663 0
 850 1471 839 1533 0
 766 363 667 1290 0
 600 385 601 1656 0
 1325 1526 1177 1596 0
 1162 1492 1300 1717 0
 1086 1602 1314 1662 0
 736 561 524 1763 0
 762 1580 701 1679 0
 73 1365 401 1722 0
 384 765 162 1445 0
 646 496 493 1325 0
 780 726 715 1482 0
 344 1286 218 1511 0
 982 1431 1025 1729 0
 504 532 506 1270 0
 209 274 278 1344 0
 533 1422 728 1550 0
 1348 1154 1491 1668 0
 416 1303 417 1630 0
 369 728 672 1571 0
 1249 1165 1560 1748 0
 1405 1182 1468 1825 0
 958 1452 1102 1755 0
 207 206 192 1646 0
 1216 1495 1470 1547 0
 964 960 1701 1807 0
 290 1524 1242 1633 0
 226 1505 259 1536 0
 1307 1592 811 1601 0
 979 964 978 1266 0
 1446 1702 1198 1796 0
 1199 1468 1418 1825 0
 1321 1704 1448 1786 0
 1228 1458 1267 1607 0
 350 256 1773 1782 0
 1069 1037 1446 1804 0
 1250 1171 1471 1503 0
 529 1480 637 1521 0
 1236 1635 1402 1668 0
 363 766 676 1290 0
 1197 1371 1254 1630 0
 585 1277 584 1625 0
 285 347 196 1421 0
 1357 1491 1171 1556 0
 259 260 325 1505 0
 810 125 872 1472 0
 462 459 461 1522 0
 1241 1447 1195 1492 0
 1176 1486 1400 1534 0
 486 641 551 1507 0
 1393 1541 1181 1709 0
 1243 1474 1159 1488 0
 1418 1484 1265 1741 0
 1325 1456 1160 1753 0
 1162 1396 1360 1520 0
 262 1683 252 1706 0
 1254 1611 1303 1665 0
 1200 1413 1310 1444 0
 1470 1585 1142 1760 0
 987 1084 1123 1411 0
 961 1497 1701 1807 0
 448 1398 1387 1734 0
 548 1267 550 1607 0
 1063 984 1600 1639 0
 1184 1561 1392 1779 0
 371 1079 622 1285 0
 1187 1641 1534 1812 0
 1274 1474 1175 1605 0
 1193 1493 1286 1511 0
 1200 1540 1349 1724 0
 1289 1715 1218 1827 0
 1404 1652 1258 1655 0
 521 575 568 1617 0
 1151 1337 1296 1549 0
 451 1300 454 1677 0
 157 1342 335 1633 0
 1175 1605 1474 1745 0
 550 548 569 1267 0
 733 371 1285 1446 0
 420 417 608 1303 0
 916 949 1057 1386 0
 1088 1106 1017 1346 0
 523 639 483 1336 0
 1207 1686 1369 1689 0
 450 451 452 1434 0
 1307 1171 1471 1721 0
 1191 1497 1351 1588 0
 1092 927 777 1365 0
 1352 1440 1163 1608 0
 275 1445 1239 1793 0
 392 1114 933 1412 0
 1181 1672 1517 1791 0
 1155 1417 1248 1609 0
 1012 1712 1327 1766 0
 743 1562 1422 1659 0
 1288 1392 1177 1526 0
 1265 1331 1155 1729 0
 1375 1470 1216 1585 0
 244 1541 1280 1770 0
 1201 1632 1616 1674 0
 1133 1375 1279 1779 0
 919 892 953 1523 0
 1163 1463 1440 1618 0
 1175 1474 1243 1745 0
 610 1514 1254 1665 0
 1280 1483 1319 1811 0
 522 1403 613 1805 0
 561 1635 524 1763 0
 634 755 1606 1719 0
 1137 1484 1418 1741 0
 1212 1768 1384 1801 0
 1162 1661 1492 1717 0
 1449 1461 1246 1573 0
 1173 1473 1238 1546 0
 1071 1009 1431 1458 0
 346 239 353 1718 0
 780 389 1482 1696 0
 1171 1394 1278 1718 0
 1142 1302 1347 1760 0
 1134 1591 1406 1703 0
 430 432 535 1427 0
 1067 917 1089 1315 0
 1161 1378 1346 1735 0
 285 884 240 1421 0
 941 1054 1103 1780 0
 1351 1586 1257 1803 0
 1305 1343 1203 1648 0
 1141 1426 1339 1681 0
 1297 1626 1168 1708 0
 1350 1540 1200 1724 0
 397 1109 740 1504 0
 1069 1037 936 1446 0
 1215 1665 1632 1805 0
 833 836 1322 1623 0
 335 1524 1342 1746 0
 910 890 1415 1429 0
 810 873 1309 1691 0
 847 1386 1352 1638 0
 1270 506 1624 1809 0
 1257 1401 1166 1525 0
 1006 1530 1058 1767 0
 835 1623 1385 1723 0
 461 464 463 1522 0
 482 481 480 1671 0
 1107 1039 1512 1711 0
 1131 1311 1478 1486 0
 1157 1653 1385 1815 0
 1133 1515 1419 1800 0
 1268 1148 1737 1771 0
 1313 1506 1180 1750 0
 1197 1348 1303 1611 0
 1087 388 738 1660 0
 1220 1562 1502 1659 0
 396 739 694 1662 0
 615 1409 1276 1738 0
 724 665 1479 1661 0
 971 967 966 1628 0
 1376 1522 648 1575 0
 422 423 1355 1665 0
 369 672 318 1571 0
 1284 1452 1426 1654 0
 1174 1250 1613 1756 0
 1156 1408 1364 1515 0
 858 869 825 1404 0
 1315 1588 1191 1745 0
 643 1392 554 1743 0
 295 145 804 1415 0
 557 1330 1518 1778 0
 200 1357 195 1556 0
 1159 1426 1274 1474 0
 1411 1412 1184 1642 0
 1457 1580 1205 1679 0
 622 1285 1079 1733 0
 1344 1167 1529 1821 0
 1146 1278 1503 1698 0
 899 1471 1307 1510 0
 1312 1149 1540 1617 0
 876 852 810 1309 0
 511 512 509 1693 0
 820 1295 818 1615 0
 810 873 876 1309 0
 1411 1412 933 1774 0
 188 1650 189 1790 0
 384 595 594 1793 0
 1168 1436 1332 1626 0
 964 1266 979 1605 0
 285 240 347 1421 0
 1151 1363 1317 1591 0
 336 153 378 1410 0
 1207 1622 1302 1751 0
 465 464 633 1673 0
 1290 1479 349 1570 0
 1330 1371 1153 1778 0
 1174 1564 1311 1731 0
 1211 1387 1489 1569 0
 1427 1509 432 1799 0
 1199 1566 1545 1644 0
 193 194 1278 1718 0
 1254 1196 1514 1699 0
 937 1122 1485 1627 0
 1135 1244 1488 1776 0
 1078 939 776 1331 0
 1245 1171 1471 1491 0
 1168 1626 1332 1708 0
 833 834 836 1623 0
 1169 1429 1258 1652 0
 1249 1165 1498 1560 0
 1282 980 1608 1737 0
 614 537 722 1437 0
 247 1381 345 1560 0
 1045 980 1069 1737 0
 1174 1613 1326 1723 0
 960 962 1701 1807 0
 1378 1514 773 1735 0
 1336 1410 700 1663 0
 685 1377 684 1675 0
 294 1410 668 1679 0
 740 1312 575 1504 0
 1118 1001 1125 1817 0
 1178 1247 1531 1730 0
 827 824 870 1429 0
 1319 1483 1147 1811 0
 1180 1419 1687 1814 0
 168 1283 269 1472 0
 1448 1704 1321 1705 0
 1248 1795 1373 1818 0
 464 648 1376 1522 0
 1216 1585 1470 1760 0
 470 1272 519 1719 0
 1237 1558 1265 1685 0
 1317 1606 1230 1719 0
 1170 1444 1532 1740 0
 281 384 1445 1793 0
 529 1384 479 1480 0
 1060 923 767 1504 0
 1182 1645 1263 1826 0
 1349 1200 1673 1775 0
 1364 1465 1204 1780 0
 824 1652 1404 1655 0
 195 1556 1357 1718 0
 1174 1641 1613 1723 0
 1208 1329 1275 1621 0
 1104 993 989 1823 0
 1114 1412 681 1675 0
 776 73 600 1331 0
 1146 1469 1278 1698 0
 1164 1329 1614 1663 0
 718 1268 1446 1702 0
 275 203 276 1700 0
 430 1427 427 1674 0
 838 1401 833 1640 0
 462 706 715 1350 0
 1510 1613 1255 1641 0
 299 246 211 1390 0
 833 832 1623 1640 0
 841 889 842 1302 0
 1288 489 1526 1664 0
 810 1309 852 1531 0
 640 1336 700 1663 0
 1301 1597 1187 1641 0
 608 417 416 1303 0
 1362 1372 1166 1459 0
 1213 1600 1563 1755 0
 1140 1535 1306 1806 0
 912 1391 850 1533 0
 1094 1068 1327 1497 0
 796 762 701 1679 0
 1162 1300 1501 1717 0
 129 1468 1373 1644 0
 272 259 1290 1536 0
 1320 1375 1160 1470 0
 1403 1539 1242 1805 0
 1205 1369 1582 1707 0
 539 773 1514 1735 0
 473 474 1467 1647 0
 1260 1381 1209 1822 0
 191 1260 204 1650 0
 471 1317 1647 1765 0
 281 384 162 1445 0
 1268 1446 1282 1737 0
 1225 1461 1449 1573 0
 405 1460 404 1487 0
 623 446 443 1492 0
 1022 1123 1411 1639 0
 246 299 223 1345 0
 726 631 715 1476 0
 1205 1457 1296 1580 0
 801 705 764 1562 0
 886 284 905 1394 0
 1140 1281 1535 1806 0
 1350 1413 1227 1587 0
 1132 1520 1306 1815 0
 1065 1111 1066 1416 0
 1123 933 1022 1411 0
 1291 1237 1508 1727 0
 124 125 1432 1472 0
 510 1579 511 1693 0
 1139 1243 1474 1745 0
 1112 1099 1007 1454 0
 1073 1107 1039 1512 0
 410 651 597 1340 0
 1255 1682 1436 1756 0
 1158 1448 1407 1595 0
 1157 1360 1520 1806 0
 1204 1373 1795 1818 0
 668 336 378 1410 0
 763 1346 682 1735 0
 1312 1395 1227 1540 0
 1207 1516 1302 1622 0
 210 237 211 1390 0
 330 224 1686 1720 0
 607 1550 728 1732 0
 1130 1372 1361 1629 0
 1355 1632 1215 1665 0
 971 1359 967 1628 0
 1132 1319 1520 1815 0
 1373 1754 1204 1780 0
 1264 1568 1564 1731 0
 269 174 211 1283 0
 1405 1468 128 1781 0
 914 891 1351 1803 0
 1436 1682 1131 1756 0
 1344 1433 209 1821 0
 1181 1326 1245 1533 0
 1241 1189 1559 1661 0
 475 473 1467 1820 0
 1353 1447 1198 1702 0
 177 1572 1421 1710 0
 1205 1410 1336 1582 0
 489 1288 490 1664 0
 1270 1555 1543 1678 0
 1086 1091 1602 1662 0
 1273 1749 1505 1788 0
 1200 1310 1413 1716 0
 347 198 196 1643 0
 510 1389 1579 1693 0
 1321 1704 69 1705 0
 1253 1601 1168 1708 0
 1466 1595 1407 1730 0
 978 1527 1027 1762 0
 336 292 153 1410 0
 1480 1488 1244 1776 0
 468 519 1272 1697 0
 1234 1186 1523 1823 0
 1364 1515 1408 1814 0
 564 394 563 1490 0
 1027 1028 1122 1527 0
 1149 1395 1312 1540 0
 1081 1062 1107 1378 0
 1187 1400 1486 1534 0
 952 951 1036 1608 0
 271 1273 333 1788 0
 272 259 349 1290 0
 1131 1462 1436 1486 0
 764 1502 1368 1562 0
 1298 1400 1187 1783 0
 1280 1572 1382 1709 0
 606 1402 1340 1763 0
 864 1534 1400 1581 0
 706 1540 1350 1724 0
 829 1461 830 1525 0
 406 1291 1460 1727 0
 710 777 927 1365 0
 71 1441 589 1656 0
 1009 1365 1431 1458 0
 1367 1439 1156 1808 0
 428 426 527 1316 0
 1223 1291 1508 1727 0
 1253 1469 1425 1698 0
 219 1423 341 1493 0
 1148 1343 1341 1481 0
 1198 1667 1353 1771 0
 1220 1502 1270 1659 0
 964 1089 960 1315 0
 1130 1473 1372 1481 0
 1159 1488 1480 1776 0
 1324 1780 1602 1789 0
 1344 1529 1433 1821 0
 1444 1574 1200 1775 0
 1143 1595 1407 1786 0
 974 998 999 1328 0
 925 1084 1063 1563 0
 984 1284 1600 1639 0
 1250 1471 1171 1491 0
 1155 1365 1331 1722 0
 1192 1415 1646 1688 0
 649 1367 508 1693 0
 775 1675 1412 1747 0
 927 1365 1009 1458 0
 1250 1131 1682 1756 0
 651 597 1340 1548 0
 1155 1248 1431 1609 0
 771 386 1448 1705 0
 709 1331 601 1558 0
 1294 1499 1170 1694 0
 1227 1587 1395 1726 0
 1111 1416 1065 1755 0
 1255 1436 1176 1486 0
 856 1379 1338 1695 0
 378 153 673 1410 0
 1335 1435 1234 1515 0
 1157 1421 1382 1572 0
 1134 1593 1414 1703 0
 557 1330 707 1518 0
 852 1309 1506 1531 0
 1262 1607 1367 1610 0
 969 1341 1608 1737 0
 1368 1502 1220 1562 0
 1327 1351 1217 1497 0
 237 253 155 1625 0
 1275 1557 1325 1787 0
 1159 1333 1480 1521 0
 1192 1429 1415 1688 0
 1219 1505 1749 1788 0
 1273 1381 1261 1788 0
 1275 1325 1208 1621 0
 440 1559 441 1569 0
 914 1257 866 1803 0
 1318 1535 1251 1620 0
 1193 1634 1495 1760 0
 1131 1436 1255 1486 0
 998 1343 1031 1648 0
 709 1078 776 1331 0
 1317 1467 474 1647 0
 426 1316 428 1674 0
 1417 1418 1182 1443 0
 905 284 148 1432 0
 591 386 69 1705 0
 818 1506 819 1615 0
 1284 1186 1379 1654 0
 1061 1110 1035 1377 0
 506 1270 532 1550 0
 718 566 792 1268 0
 244 1280 248 1770 0
 652 650 649 1367 0
 733 800 1446 1796 0
 388 1268 792 1660 0
 988 1523 956 1823 0
 1450 1465 1204 1814 0
 1078 1331 709 1558 0
 1199 1566 1240 1741 0
 720 1376 648 1575 0
 1149 1444 1349 1758 0
 240 354 347 1498 0
 1141 1654 1426 1681 0
 845 1528 1597 1669 0
 676 1479 1290 1717 0
 437 448 436 1398 0
 1174 1370 1311 1564 0
 1177 1375 1279 1787 0
 1142 1751 1308 1787 0
 1414 1593 1260 1703 0
 1205 1582 1549 1707 0
 683 1314 719 1662 0
 1145 1517 1393 1797 0
 910 871 890 1429 0
 395 665 1396 1479 0
 183 1686 1584 1689 0
 1020 1021 1374 1594 0
 907 865 894 1534 0
 1135 1339 1488 1658 0
 1046 1566 1265 1685 0
 1348 1491 1250 1503 0
 1001 1783 1400 1817 0
 1528 1637 1301 1725 0
 1497 1588 1191 1807 0
 1340 1519 1223 1670 0
 1357 1544 1278 1668 0
 978 1266 1527 1762 0
 455 1420 457 1546 0
 1210 1287 1637 1690 0
 1413 1444 1149 1532 0
 127 128 1405 1645 0
 1209 1414 1260 1703 0
 1170 1294 1444 1740 0
 661 1512 717 1699 0
 1248 1468 1795 1818 0
 932 1105 1032 1648 0
 416 1303 1402 1635 0
 512 1567 548 1607 0
 633 464 708 1376 0
 1259 1530 1161 1603 0
 995 1602 1018 1780 0
 1336 1410 1164 1582 0
 466 1540 706 1724 0
 268 302 356 1739 0
 1151 1399 1363 1406 0
 1192 1650 1646 1790 0
 1272 1719 470 1765 0
 1131 1478 1462 1486 0
 1194 1552 1333 1664 0
 1303 1611 1215 1665 0
 250 161 1513 1728 0
 1126 1327 1012 1712 0
 1205 1410 1369 1819 0
 1219 1501 1290 1536 0
 1307 1601 1168 1698 0
 708 648 720 1376 0
 743 365 693 1422 0
 376 1346 658 1494 0
 1053 695 370 1518 0
 1330 1699 1371 1778 0
 1318 1525 1166 1640 0
 1079 936 1037 1285 0
 421 423 1665 1805 0
 1368 1683 1208 1753 0
 492 1526 645 1621 0
 1255 1436 1131 1756 0
 1349 1540 1149 1617 0
 704 746 1252 1738 0
 1445 1548 594 1590 0
 1199 1248 1468 1545 0
 1324 1754 1204 1818 0
 1210 1637 1528 1725 0
 435 437 436 1612 0
 709 600 601 1331 0
 557 1518 794 1778 0
 130 901 1129 1373 0
 1210 1725 1397 1827 0
 1086 1314 921 1662 0
 1280 1541 248 1709 0
 1163 1282 1463 1631 0
 820 840 818 1295 0
 170 1432 171 1821 0
 1161 1346 1289 1735 0
 1247 1178 1466 1730 0
 1206 1417 1407 1786 0
 1249 1535 1318 1748 0
 923 1109 397 1504 0
 353 1391 266 1556 0
 1180 1320 1547 1687 0
 422 1355 539 1514 0
 457 455 627 1420 0
 1637 1690 1136 1725 0
 1177 1442 1526 1787 0
 713 321 730 1358 0
 498 499 497 1456 0
 168 124 148 1432 0
 1292 1384 1214 1820 0
 193 1278 1589 1718 0
 780 721 389 1696 0
 1365 1431 1155 1729 0
 1251 1535 1318 1598 0
 126 1592 1263 1826 0
 800 1702 1446 1796 0
 1166 1620 1318 1640 0
 297 273 313 1479 0
 213 1299 212 1689 0
 404 405 406 1460 0
 785 1330 558 1699 0
 1673 1765 1349 1775 0
 1292 1647 473 1820 0
 1515 1599 1222 1800 0
 1285 1631 1387 1796 0
 1086 1090 921 1314 0
 495 647 526 1642 0
 1187 1454 1400 1581 0
 1369 1410 1164 1614 0
 1141 1681 1339 1777 0
 704 1252 746 1736 0
 1339 1442 1141 1777 0
 1167 1394 1432 1589 0
 486 1333 484 1552 0
 1391 1471 1171 1721 0
 880 1301 846 1528 0
 817 1313 1450 1795 0
 1140 1306 1535 1620 0
 1407 1466 1247 1684 0
 1323 1430 1229 1527 0
 722 364 1537 1636 0
 1136 1725 1690 1827 0
 1322 1528 836 1638 0
 1242 1403 1524 1539 0
 1286 1345 1178 1666 0
 1407 1466 1158 1595 0
 1204 1750 1408 1818 0
 640 639 1336 1424 0
 643 554 714 1743 0
 1176 1436 1297 1626 0
 1170 1257 1461 1752 0
 649 509 512 1693 0
 490 1507 1288 1743 0
 1063 987 984 1639 0
 1354 1398 570 1734 0
 1179 1385 1326 1483 0
 1180 1506 1450 1615 0
 435 436 433 1612 0
 1327 1713 1190 1757 0
 1599 1774 1335 1794 0
 1155 1265 1418 1484 0
 1255 1168 1510 1583 0
 223 222 220 1423 0
 1134 1573 1246 1694 0
 369 728 1571 1732 0
 587 151 361 1606 0
 1128 926 1330 1518 0
 969 952 980 1608 0
 973 969 1044 1737 0
 540 438 619 1356 0
 441 1559 516 1661 0
 984 1284 958 1600 0
 165 730 321 1358 0
 820 819 821 1615 0
 1184 1411 1256 1639 0
 1197 1254 1611 1630 0
 299 254 319 1277 0
 856 1338 869 1695 0
 846 1597 1301 1641 0
 1152 1374 1594 1690 0
 568 576 706 1540 0
 915 805 1012 1327 0
 1227 1395 1312 1696 0
 1188 1610 1388 1684 0
 979 1266 978 1762 0
 284 193 171 1589 0
 1410 1679 293 1819 0
 986 1064 1600 1755 0
 1204 1789 1324 1818 0
 530 798 1627 1768 0
 796 701 737 1679 0
 240 347 1249 1498 0
 1134 1246 1573 1593 0
 1342 1403 1154 1524 0
 1249 1140 1535 1748 0
 1241 1189 1520 1692 0
 416 608 1303 1635 0
 838 866 833 1401 0
 853 855 1465 1523 0
 277 1475 276 1544 0
 874 1394 1432 1592 0
 859 891 1351 1588 0
 345 247 227 1381 0
 276 1239 1475 1793 0
 1464 1690 1397 1827 0
 1396 1479 665 1661 0
 1152 1285 1387 1734 0
 1279 1585 1442 1787 0
 1353 1447 1195 1667 0
 833 832 834 1623 0
 1220 1493 1304 1706 0
 189 1650 1428 1790 0
 429 428 614 1674 0
 161 1683 1513 1728 0
 777 401 73 1365 0
 1168 1503 1307 1698 0
 127 126 1645 1826 0
 1054 1116 990 1780 0
 1337 1205 1549 1720 0
 1412 1774 1599 1794 0
 1216 1375 1320 1470 0
 238 266 1391 1542 0
 802 697 759 1477 0
 1185 1349 1765 1775 0
 1233 1646 1415 1688 0
 1198 1447 1353 1667 0
 1266 979 1605 1762 0
 1376 1150 1522 1575 0
 1045 1268 1121 1737 0
 731 392 795 1412 0
 224 183 186 1686 0
 1221 1419 1320 1678 0
 128 1313 817 1468 0
 613 522 574 1403 0
 1485 1504 1229 1527 0
 1254 1196 1478 1514 0
 1161 1616 1289 1764 0
 1289 1427 1201 1616 0
 1242 1524 1293 1539 0
 1415 1646 188 1790 0
 284 1394 193 1589 0
 1313 1795 1468 1818 0
 838 1401 1322 1638 0
 907 1534 894 1641 0
 1130 1310 1413 1586 0
 1170 1461 1246 1499 0
 857 1588 1315 1695 0
 650 719 797 1808 0
 342 262 686 1683 0
 1245 1471 1250 1491 0
 373 932 1032 1648 0
 1416 1627 727 1768 0
 1225 1461 1257 1525 0
 450 449 447 1434 0
 842 870 823 1516 0
 420 1403 522 1805 0
 1280 1147 1483 1811 0
 204 322 296 1428 0
 1234 1450 1295 1814 0
 850 843 839 1471 0
 1165 1414 1573 1593 0
 235 242 241 1541 0
 786 546 726 1482 0
 612 527 1316 1805 0
 815 900 1366 1644 0
 851 1510 899 1601 0
 1311 1731 1603 1812 0
 406 1460 407 1727 0
 1171 1250 1491 1503 0
 1210 1528 1386 1669 0
 462 706 1350 1724 0
 1151 1406 1363 1591 0
 1002 1783 1001 1817 0
 1282 1446 1268 1771 0
 1076 1077 1109 1312 0
 1349 1553 632 1617 0
 1377 1033 1675 1794 0
 866 1525 830 1640 0
 919 988 854 1523 0
 818 806 819 1506 0
 1268 1577 1148 1771 0
 390 1329 674 1663 0
 393 160 669 1505 0
 1338 1654 1186 1777 0
 1182 1253 1405 1826 0
 738 922 1087 1660 0
 1270 532 1550 1659 0
 869 1438 1338 1759 0
 1081 938 1062 1378 0
 1150 1376 1574 1810 0
 236 1560 202 1643 0
 1279 1375 1177 1779 0
 1148 1372 1362 1676 0
 1352 1712 1012 1766 0
 1243 1488 1339 1658 0
 1320 1375 1133 1604 0
 1603 1731 1725 1812 0
 1131 1478 1311 1785 0
 1219 1657 1420 1677 0
 1429 1680 1192 1790 0
 982 1009 1025 1431 0
 1022 1411 933 1774 0
 1200 1413 1350 1716 0
 473 474 475 1467 0
 1135 1258 1622 1658 0
 567 1577 630 1660 0
 374 1354 1127 1742 0
 1301 1725 1731 1812 0
 651 1460 405 1548 0
 144 1382 803 1421 0
 1311 1370 1174 1756 0
 658 711 1494 1799 0
 1035 1377 1110 1761 0
 1345 1390 1178 1666 0
 350 321 288 1606 0
 1388 1247 1466 1684 0
 1492 1661 624 1717 0
 1260 1209 1565 1822 0
 1181 1542 1393 1709 0
 657 682 763 1346 0
 1159 1339 1488 1776 0
 767 923 397 1504 0
 691 1537 298 1736 0
 1449 1461 1225 1525 0
 746 1537 1252 1738 0
 899 1510 1307 1601 0
 297 313 1396 1479 0
 1096 1016 1055 1354 0
 1154 1524 1403 1539 0
 611 1289 787 1616 0
 980 1282 1036 1804 0
 1415 1429 1192 1790 0
 1407 1417 1206 1784 0
 782 1514 661 1699 0
 1180 1408 1388 1419 0
 885 169 300 1511 0
 1387 1631 1198 1796 0
 860 825 826 1652 0
 1684 1750 1247 1802 0
 1139 1474 1243 1619 0
 129 1373 130 1644 0
 1270 1550 506 1809 0
 476 590 1292 1801 0
 1226 1441 1484 1656 0
 837 1613 1641 1723 0
 612 613 527 1805 0
 986 1065 1064 1755 0
 1089 1315 964 1605 0
 459 631 458 1476 0
 632 469 1553 1765 0
 1354 1152 1398 1734 0
 1094 1068 915 1327 0
 1274 1426 1175 1474 0
 733 1285 621 1796 0
 124 357 904 1472 0
 1134 1246 1593 1694 0
 469 472 1553 1765 0
 1256 1507 1213 1563 0
 1131 1611 1254 1785 0
 580 1553 590 1801 0
 1135 1622 1308 1658 0
 193 1589 1394 1718 0
 1251 1322 1618 1623 0
 754 151 587 1490 0
 499 1456 498 1753 0
 730 636 560 1358 0
 1147 1692 1319 1811 0
 1234 1435 1364 1515 0
 1463 1667 1198 1771 0
 1229 1504 1323 1527 0
 592 752 547 1448 0
 645 492 644 1526 0
 1403 1524 1342 1633 0
 465 463 464 1724 0
 1273 1575 734 1749 0
 1248 1468 1373 1795 0
 899 1307 1471 1721 0
 473 1292 590 1647 0
 392 681 1114 1412 0
 854 853 855 1465 0
 1402 1635 1236 1763 0
 1280 1541 1252 1770 0
 702 545 1683 1753 0
 725 645 674 1329 0
 1195 1434 1353 1676 0
 1177 1392 1288 1561 0
 1177 1279 1442 1787 0
 1328 1649 1190 1712 0
 484 1480 481 1552 0
 1183 1308 1622 1658 0
 1251 1598 1385 1815 0
 1234 1465 1450 1814 0
 372 740 1077 1312 0
 246 223 220 1345 0
 168 148 170 1432 0
 787 1289 535 1799 0
 1184 1576 1453 1769 0
 820 1295 1438 1759 0
 1177 1442 1288 1526 0
 1203 1473 1476 1587 0
 775 685 1675 1747 0
 1349 1553 1185 1765 0
 1411 1022 1639 1774 0
 1390 1595 1178 1730 0
 978 1527 1266 1701 0
 67 400 68 1500 0
 1050 1558 1047 1685 0
 395 724 665 1479 0
 818 1295 1450 1615 0
 460 457 627 1420 0
 955 996 958 1452 0
 1189 1241 1559 1692 0
 520 1368 1502 1753 0
 1020 1016 1021 1594 0
 1262 1188 1610 1693 0
 157 391 1342 1633 0
 610 422 539 1514 0
 1291 1460 1223 1551 0
 820 822 1438 1824 0
 1186 1379 1338 1759 0
 1300 1501 1219 1657 0
 599 162 765 1445 0
 375 613 1633 1744 0
 1141 1654 1681 1777 0
 282 246 220 1666 0
 1131 1254 1478 1785 0
 1271 1740 1191 1745 0
 930 1055 1354 1733 0
 1383 1508 1237 1727 0
 1262 1610 1367 1693 0
 249 248 179 1572 0
 429 430 427 1674 0
 1071 1009 983 1431 0
 836 880 846 1528 0
 833 1623 1322 1640 0
 1008 1649 974 1757 0
 1304 1470 1160 1557 0
 313 315 675 1479 0
 896 811 1592 1601 0
 382 402 403 1487 0
 1157 1520 1319 1815 0
 1208 1299 1728 1792 0
 157 335 309 1633 0
 915 1012 1126 1327 0
 1066 931 742 1416 0
 718 792 388 1268 0
 1247 1466 1407 1730 0
 1160 1375 1320 1604 0
 1432 1589 171 1821 0
 987 1411 1123 1639 0
 1148 1577 1353 1771 0
 1329 1513 725 1621 0
 758 369 149 1571 0
 1204 1408 1789 1818 0
 915 1126 1094 1327 0
 820 821 822 1824 0
 820 840 1295 1759 0
 353 266 229 1556 0
 431 432 430 1427 0
 1363 1399 1214 1619 0
 1247 1684 1388 1750 0
 1227 1413 1350 1540 0
 1512 1514 1196 1699 0
 221 1538 1493 1706 0
 1387 1489 1198 1631 0
 1318 1449 1225 1525 0
 1179 1287 1380 1637 0
 1166 1525 1318 1798 0
 241 234 235 1393 0
 1255 1486 1176 1534 0
 492 646 1526 1621 0
 970 1341 969 1649 0
 931 1416 1029 1627 0
 1273 1496 1575 1810 0
 1364 1408 1204 1814 0
 1162 1501 1306 1806 0
 1464 1568 1136 1715 0
 1300 1657 1219 1677 0
 330 214 293 1369 0
 1037 1285 1594 1733 0
 1448 1704 1206 1786 0
 1117 1008 974 1757 0
 1428 1498 1165 1560 0
 590 1292 1553 1647 0
 323 154 772 1475 0
 206 1334 1646 1773 0
 628 1575 627 1749 0
 510 1579 1389 1732 0
 762 700 1336 1410 0
 1030 1098 979 1762 0
 113 1088 938 657 0
 1135 1488 1339 1776 0
 335 267 231 1524 0
 625 566 718 1702 0
 1255 1613 1510 1756 0
 503 1439 515 1554 0
 395 664 48 313 0
 68 402 69 1705 0
 226 1505 1536 1788 0
 919 854 892 1523 0
 1287 1463 1132 1489 0
 1074 1128 926 1330 0
 1278 1544 194 1700 0
 675 395 313 1479 0
 1510 1613 1250 1756 0
 984 957 958 1284 0
 1136 1637 1464 1690 0
 1364 1435 1156 1515 0
 170 1283 1432 1821 0
 462 463 706 1724 0
 627 1575 1420 1749 0
 575 1504 1312 1617 0
 792 1268 566 1577 0
 1086 1110 1314 1761 0
 899 895 811 1307 0
 604 556 748 1383 0
 1360 1396 1162 1570 0
 1603 1764 1259 1827 0
 1271 1191 1588 1745 0
 766 676 1290 1717 0
 725 645 1329 1621 0
 1301 1723 1174 1731 0
 233 327 235 1393 0
 635 1467 1296 1671 0
 370 695 748 1518 0
 1150 1574 1414 1810 0
 273 297 208 1570 0
 468 633 519 1697 0
 1131 1311 1486 1756 0
 1364 1435 991 1761 0
 909 888 1012 1766 0
 1274 1175 1426 1452 0
 586 774 741 1625 0
 1327 1712 1126 1757 0
 378 673 761 1663 0
 420 522 421 1805 0
 1351 1497 1191 1532 0
 447 445 446 1816 0
 1347 1584 182 1634 0
 1174 1731 1311 1812 0
 211 237 299 1390 0
 903 812 884 1498 0
 1441 1656 385 1722 0
 612 1316 426 1632 0
 1326 1385 1179 1723 0
 1215 1254 1611 1785 0
 1303 1402 1197 1630 0
 841 1302 823 1824 0
 1050 1331 1078 1558 0
 214 1369 186 1614 0
 1356 1692 1147 1811 0
 1142 1557 1275 1787 0
 967 1359 971 1817 0
 124 168 357 1472 0
 1201 1276 1427 1568 0
 385 71 1441 1722 0
 1039 971 1359 1711 0
 1338 1379 1186 1654 0
 1131 1486 1255 1756 0
 869 820 822 1438 0
 127 1645 1405 1826 0
 1251 1620 1535 1815 0
 860 858 825 1588 0
 1052 1331 1050 1729 0
 1371 1699 558 1778 0
 1300 1492 1195 1816 0
 147 181 814 1634 0
 1367 1610 1188 1693 0
 623 1241 441 1661 0
 837 1641 880 1723 0
 1174 1301 1641 1723 0
 350 288 256 1782 0
 530 1384 529 1768 0
 592 547 753 1448 0
 209 172 274 1821 0
 1183 1302 1585 1824 0
 973 969 1341 1649 0
 1328 1712 1190 1757 0
 644 1526 489 1664 0
 1385 1598 1157 1815 0
 1454 1603 1259 1725 0
 1217 1497 1351 1532 0
 946 1545 1431 1729 0
 1191 1430 1323 1701 0
 1219 1536 1505 1788 0
 1318 1620 1166 1798 0
 845 1597 897 1669 0
 684 80 1061 677 0
 1389 1579 1158 1732 0
 822 1655 1438 1824 0
 1175 1243 1474 1681 0
 1001 1400 1125 1817 0
 1018 1071 983 1324 0
 1501 1536 1281 1570 0
 854 1465 855 1523 0
 1048 1451 975 1685 0
 983 1324 1431 1754 0
 1002 1298 1783 1817 0
 395 665 664 1396 0
 553 519 562 1719 0
 618 536 1742 1799 0
 1191 1315 1701 1807 0
 190 206 1334 1646 0
 1137 1484 1291 1551 0
 546 745 538 1651 0
 1254 1215 1611 1665 0
 1468 1545 1373 1644 0
 350 1606 288 1782 0
 1400 1454 1187 1783 0
 1232 1568 1464 1715 0
 633 1376 708 1697 0
 1180 1750 1408 1814 0
 1254 1215 1665 1785 0
 1132 1287 1489 1813 0
 1210 1690 1725 1827 0
 1164 1410 1336 1663 0
 685 534 1554 1747 0
 615 434 431 1409 0
 619 434 1409 1612 0
 292 294 293 1410 0
 1586 1629 1257 1713 0
 69 382 70 1704 0
 293 1410 294 1679 0
 554 1392 494 1642 0
 1186 1576 1453 1823 0
 1163 1386 1352 1608 0
 1217 1713 1327 1757 0
 1199 1545 1468 1644 0
 316 1636 583 1744 0
 953 809 1067 1379 0
 412 604 409 1383 0
 878 803 849 1421 0
 380 1416 931 1627 0
 1626 1708 1297 1741 0
 822 824 1404 1655 0
 988 1072 854 1465 0
 620 621 1387 1796 0
 914 1351 891 1752 0
 687 714 666 1411 0
 1183 1585 1302 1622 0
 1242 1524 1403 1633 0
 482 480 1580 1671 0
 614 722 692 1738 0
 284 171 148 1432 0
 1199 1644 1468 1781 0
 1328 1481 1203 1587 0
 1211 1489 1380 1813 0
 1213 1416 1274 1755 0
 1320 1604 1221 1678 0
 919 953 954 1523 0
 819 852 876 1506 0
 448 570 1398 1734 0
 476 1292 473 1820 0
 1063 1563 1256 1600 0
 570 617 436 1398 0
 1193 1304 1493 1538 0
 510 511 509 1693 0
 349 259 150 1290 0
 182 1584 181 1634 0
 1369 1720 1205 1819 0
 643 491 494 1392 0
 232 230 233 1293 0
 186 1614 1369 1689 0
 1141 1442 1288 1561 0
 1015 1494 924 1742 0
 1184 1639 1256 1769 0
 804 1415 890 1516 0
 1293 1245 1542 1791 0
 1328 1217 1587 1726 0
 239 146 353 1391 0
 1273 1575 1150 1810 0
 652 649 549 1607 0
 1217 1587 1586 1713 0
 540 704 759 1356 0
 531 1579 510 1732 0
 1175 1474 1426 1681 0
 1463 1631 1282 1771 0
 359 661 773 1378 0
 1481 1587 1328 1713 0
 1002 1298 1530 1783 0
 1440 1463 1362 1618 0
 290 166 1633 1744 0
 351 311 312 1513 0
 214 330 186 1369 0
 1257 1525 1166 1629 0
 6 147 814 1511 0
 1229 1527 1430 1772 0
 1274 1426 1213 1755 0
 1177 1442 1279 1561 0
 880 837 844 1641 0
 9 882 804 1790 0
 464 461 648 1522 0
 866 830 833 1640 0
 378 761 1410 1663 0
 1250 1168 1510 1682 0
 1130 1629 1586 1713 0
 1343 1660 1268 1737 0
 289 318 672 1422 0
 644 1424 1526 1664 0
 1453 1576 1335 1823 0
 128 806 1313 1645 0
 1325 1160 1557 1753 0
 1210 1397 1690 1827 0
 837 835 1326 1723 0
 1166 1525 1401 1640 0
 838 1322 836 1638 0
 233 327 1393 1542 0
 930 1354 374 1733 0
 1117 974 1328 1757 0
 837 1613 844 1641 0
 1311 1603 1486 1812 0
 510 1389 607 1732 0
 151 288 361 1606 0
 471 634 1317 1719 0
 1538 1728 1299 1792 0
 630 453 629 1305 0
 1316 1632 612 1805 0
 850 1391 912 1721 0
 1177 1288 1442 1561 0
 1130 1413 1310 1716 0
 406 407 408 1727 0
 662 1085 371 1446 0
 963 1323 1051 1701 0
 805 1012 909 888 0
 1002 1711 1298 1817 0
 1204 1450 1313 1795 0
 244 324 1736 1770 0
 424 1355 423 1632 0
 974 1649 1328 1757 0
 1204 1465 1450 1795 0
 590 1553 1292 1801 0
 1008 1712 1649 1757 0
 1137 1626 1508 1741 0
 1006 1004 1058 1530 0
 810 126 125 1531 0
 342 252 262 1683 0
 1475 1544 1239 1700 0
 243 1537 241 1541 0
 647 1642 1269 1747 0
 1399 1406 1151 1688 0
 1231 1433 1344 1529 0
 1164 1614 1410 1663 0
 583 1636 1437 1744 0
 1183 1655 1302 1824 0
 760 659 377 1485 0
 896 1601 1592 1826 0
 1178 1531 1263 1730 0
 381 719 683 1314 0
 994 992 1364 1602 0
 1412 1599 1222 1794 0
 545 496 1325 1753 0
 758 584 369 1571 0
 1257 1752 1351 1803 0
 1169 1406 1399 1688 0
 1136 1690 1464 1827 0
 275 281 1445 1793 0
 1400 1581 1454 1783 0
 964 962 978 1701 0
 657 658 376 1346 0
 481 1480 480 1671 0
 880 846 1301 1641 0
 507 1389 510 1693 0
 1388 1419 1188 1678 0
 296 1428 882 1790 0
 114 1081 359 938 0
 1328 1726 1117 1757 0
 1135 1399 1488 1549 0
 1373 1468 1248 1545 0
 1269 1599 1642 1779 0
 1173 1305 1434 1676 0
 704 540 619 1356 0
 306 162 599 1445 0
 283 244 324 1736 0
 1078 1050 1052 1331 0
 928 1035 1033 1377 0
 409 1383 604 1727 0
 1168 1307 1510 1601 0
 422 423 424 1355 0
 972 1359 971 1711 0
 1408 1419 1156 1610 0
 555 1702 800 1796 0
 1251 1385 1653 1815 0
 1138 1750 1684 1802 0
 236 345 202 1560 0
 560 713 1358 1606 0
 242 248 244 1541 0
 991 1435 1113 1761 0
 1232 1427 1276 1568 0
 627 1677 542 1749 0
 732 1342 572 1635 0
 835 832 867 1598 0
 785 558 1330 1778 0
 1251 1535 1598 1815 0
 268 1544 199 1746 0
 248 1572 1280 1709 0
 803 1382 849 1421 0
 839 835 849 1385 0
 164 48 664 313 0
 330 1369 293 1819 0
 334 583 316 1636 0
 1198 1631 1463 1771 0
 1304 1706 1538 1728 0
 453 1305 630 1577 0
 1281 1570 1360 1806 0
 1267 1567 1206 1784 0
 499 1502 1456 1753 0
 47 313 315 675 0
 1085 388 104 1087 0
 973 1044 1031 1343 0
 1059 997 1076 1504 0
 909 1327 902 1803 0
 1414 1455 1165 1573 0
 1053 934 695 1558 0
 1104 1335 993 1823 0
 810 1309 1531 1691 0
 1201 1427 1276 1674 0
 968 1352 949 1608 0
 1468 1781 1405 1825 0
 1289 1494 1346 1767 0
 449 566 1353 1577 0
 1360 1570 1281 1710 0
 391 157 1342 1739 0
 298 1537 283 1736 0
 1172 1487 1590 1714 0
 378 1410 673 1663 0
 391 572 1342 1633 0
 809 857 898 1695 0
 557 707 794 1518 0
 971 1359 972 1817 0
 1208 1368 1304 1728 0
 667 757 699 1505 0
 710 401 777 1365 0
 1188 1624 1270 1678 0
 1137 1708 1626 1741 0
 476 590 473 1292 0
 1320 1470 1160 1555 0
 1197 1611 1303 1630 0
 1160 1470 1304 1555 0
 1360 1570 1162 1806 0
 335 1342 301 1746 0
 1295 1438 1216 1615 0
 627 1420 1677 1749 0
 1584 1686 1207 1689 0
 1187 1603 1454 1725 0
 729 707 557 1330 0
 651 405 525 1548 0
 1516 1686 1233 1707 0
 681 1412 775 1675 0
 1285 1734 621 1796 0
 812 887 882 1428 0
 1470 1495 1216 1760 0
 492 646 493 1526 0
 1175 1379 1338 1654 0
 1290 1536 1501 1570 0
 480 1480 479 1671 0
 1090 1086 1110 1314 0
 677 1377 712 1808 0
 1094 1327 1126 1757 0
 321 350 165 1358 0
 816 854 901 1465 0
 1018 1324 983 1754 0
 1152 1489 1387 1631 0
 508 649 650 1367 0
 779 515 712 1554 0
 1233 1549 1707 1720 0
 871 827 1429 1680 0
 226 260 259 1505 0
 467 1673 1349 1724 0
 71 385 1441 1656 0
 521 1349 632 1617 0
 549 649 512 1607 0
 1495 1615 1216 1824 0
 632 467 469 1765 0
 1120 1042 1043 1726 0
 1164 1336 1424 1663 0
 1298 1176 1400 1817 0
 1188 1419 1388 1610 0
 1361 1657 1455 1798 0
 1151 1358 1337 1773 0
 592 753 585 1448 0
 591 752 592 1448 0
 1213 1256 1563 1600 0
 1156 1419 1408 1515 0
 426 612 527 1316 0
 1270 1624 1221 1678 0
 1038 1400 1001 1783 0
 188 1646 190 1650 0
 1389 1550 607 1732 0
 661 773 1378 1514 0
 352 157 656 1739 0
 1161 1289 1616 1735 0
 478 529 530 1384 0
 560 1358 559 1606 0
 841 1495 1302 1824 0
 1373 1545 940 1644 0
 1294 1499 1271 1740 0
 1337 1205 1720 1819 0
 618 1742 1494 1799 0
 1248 1417 1802 1818 0
 1272 1574 1697 1703 0
 1309 1178 1531 1691 0
 1301 1187 1725 1812 0
 544 482 480 1580 0
 1160 1470 1375 1557 0
 1144 1543 1555 1678 0
 980 1036 1069 1804 0
 1248 1754 1324 1818 0
 104 388 1085 662 0
 1216 1615 1438 1824 0
 1180 1450 1295 1615 0
 313 47 395 675 0
 1032 1105 998 1648 0
 305 1490 1496 1822 0
 1364 1234 1515 1814 0
 857 858 1588 1695 0
 679 764 686 1683 0
 1248 1609 1417 1818 0
 1215 1632 1316 1805 0
 665 747 664 1396 0
 1352 1401 1190 1766 0
 346 1394 239 1718 0
 1222 1435 1377 1794 0
 1079 1285 1037 1733 0
 917 960 1315 1807 0
 756 702 545 1683 0
 543 451 626 1816 0
 204 296 189 1428 0
 519 1272 1697 1719 0
 736 598 1475 1763 0
 1295 1450 1180 1814 0
 1392 1561 1177 1779 0
 238 266 146 1391 0
 927 1009 1026 1458 0
 340 242 1541 1709 0
 696 539 424 1735 0
 967 1628 1359 1817 0
 205 270 1381 1822 0
 559 634 755 1606 0
 258 257 1337 1819 0
 806 817 128 1313 0
 469 472 632 1553 0
 438 437 435 1612 0
 963 997 1051 1323 0
 80 684 1061 928 0
 1134 1703 1574 1775 0
 1384 1159 1480 1521 0
 296 1428 322 1498 0
 481 479 480 1480 0
 1255 1641 1613 1756 0
 1122 1093 937 1485 0
 245 1578 241 1636 0
 545 498 496 1753 0
 1306 1535 1620 1815 0
 1216 1470 1320 1547 0
 1311 1564 1370 1785 0
 268 356 277 1544 0
 773 682 1378 1735 0
 544 1580 480 1671 0
 859 1315 857 1588 0
 635 1296 544 1671 0
 1342 1524 335 1633 0
 466 568 706 1540 0
 449 625 445 1353 0
 371 622 733 1285 0
 1037 1594 1285 1804 0
 1290 1501 1300 1717 0
 951 1374 1021 1804 0
 888 1352 1012 1766 0
 994 1364 991 1761 0
 156 289 23 365 0
 812 10 296 882 0
 1351 1752 914 1803 0
 1296 1549 1205 1580 0
 472 1647 1553 1765 0
 1299 1751 1347 1792 0
 906 803 175 1382 0
 1407 1206 1684 1784 0
 130 1373 940 1644 0
 578 767 397 1504 0
 1347 1751 1142 1792 0
 1649 1712 1328 1757 0
 1140 1455 1657 1798 0
 1289 1494 1218 1799 0
 1028 1485 1122 1527 0
 1090 79 381 1061 0
 1431 1545 946 1754 0
 525 594 1548 1590 0
 1385 1623 1179 1723 0
 332 1493 221 1538 0
 1272 1317 1719 1765 0
 544 1296 1580 1671 0
 1221 1269 1456 1604 0
 1016 1354 1096 1594 0
 1574 1703 1272 1775 0
 941 1129 901 1373 0
 1143 1443 1529 1714 0
 1417 1609 1138 1818 0
 899 1307 811 1601 0
 994 1602 1364 1761 0
 1134 1573 1414 1593 0
 998 973 1031 1343 0
 467 1349 466 1724 0
 235 234 233 1393 0
 823 1302 1655 1824 0
 873 913 889 1634 0
 73 401 72 1722 0
 369 1571 584 1732 0
 640 488 639 1424 0
 1157 1535 1421 1710 0
 936 371 1085 1446 0
 1158 1466 1407 1684 0
 229 200 195 1556 0
 1154 1342 1524 1746 0
 163 394 723 1496 0
 582 583 1437 1744 0
 1138 1609 1784 1789 0
 1265 1566 1199 1741 0
 384 594 765 1445 0
 526 554 494 1642 0
 389 1100 663 1482 0
 1029 1027 1627 1762 0
 701 762 523 1580 0
 1133 1599 1515 1800 0
 1380 1489 1287 1813 0
 837 1326 1613 1723 0
 1201 1427 1289 1764 0
 1149 1349 1617 1758 0
 1387 1398 1152 1734 0
 996 955 1067 1379 0
 419 418 417 1630 0
 305 1496 348 1822 0
 1012 1352 1119 1712 0
 1094 976 1497 1757 0
 1304 1368 1220 1706 0
 515 712 1554 1808 0
 1327 1497 1217 1757 0
 1252 1770 1477 1811 0
 467 632 521 1349 0
 924 1015 1013 1494 0
 1166 1440 1362 1618 0
 258 1337 1720 1819 0
 928 1377 1033 1675 0
 248 1541 242 1709 0
 948 1020 951 1374 0
 591 592 386 1448 0
 1281 1710 1535 1806 0
 1223 1460 1291 1727 0
 993 991 989 1435 0
 1408 1419 1180 1814 0
 1251 1318 1620 1640 0
 928 684 1377 1675 0
 1408 1515 1419 1814 0
 543 1300 451 1816 0
 1362 1459 1166 1620 0
 1245 1181 1533 1791 0
 1412 1675 1222 1747 0
 264 265 249 1770 0
 1513 1621 1208 1683 0
 1225 1525 1257 1629 0
 1492 1717 626 1816 0
 782 661 717 1699 0
 1026 1091 1082 1662 0
 1382 1572 176 1709 0
 1174 1672 1564 1731 0
 967 971 972 1817 0
 390 674 673 1663 0
 1118 1366 965 1628 0
 279 1334 206 1782 0
 1156 1435 1364 1761 0
 257 1457 1337 1819 0
 1254 1665 1355 1785 0
 1373 1468 129 1795 0
 1175 1452 1379 1654 0
 965 1118 1056 1366 0
 1299 1614 212 1689 0
 1233 1337 1549 1720 0
 557 794 556 1778 0
 1184 1335 1453 1576 0
 273 349 1479 1570 0
 1370 1611 1131 1785 0
 1157 1535 1710 1806 0
 1034 1114 681 1675 0
 1272 1200 1574 1775 0
 722 1437 537 1636 0
 664 690 49 164 0
 1266 1605 1274 1762 0
 1164 1614 1299 1751 0
 147 814 1511 1634 0
 205 270 247 1381 0
 1327 1190 1712 1757 0
 826 1499 1461 1752 0
 733 800 371 1446 0
 1303 1611 1254 1630 0
 239 813 146 1391 0
 625 449 566 1353 0
 700 640 639 1336 0
 1215 1316 1539 1805 0
 848 866 1401 1803 0
 129 1468 817 1795 0
 435 433 434 1612 0
 221 1538 1706 1728 0
 1279 1375 1585 1787 0
 1002 972 1711 1817 0
 279 190 206 1334 0
 1285 1152 1594 1734 0
 221 1493 341 1706 0
 1209 1697 1574 1703 0
 931 1111 1029 1416 0
 1232 1464 1398 1509 0
 1183 1338 1438 1777 0
 1091 1026 1071 1458 0
 654 746 691 1736 0
 225 287 304 1565 0
 1096 1354 1055 1733 0
 461 459 460 1522 0
 762 700 523 1336 0
 241 1537 152 1636 0
 1253 1405 1601 1708 0
 1613 1641 1174 1756 0
 675 315 46 363 0
 1188 1270 1624 1809 0
 248 176 1572 1709 0
 305 1490 394 1496 0
 1162 1290 1501 1570 0
 1272 1673 1200 1775 0
 1161 1603 1311 1764 0
 202 226 1536 1788 0
 814 913 885 1511 0
 1193 1495 1470 1760 0
 1226 1441 1704 1786 0
 1084 1083 1123 1411 0
 346 353 229 1718 0
 1511 1666 1286 1691 0
 641 1507 490 1743 0
 1243 1488 1399 1619 0
 858 856 869 1695 0
 614 615 429 1276 0
 279 190 1334 1650 0
 267 335 301 1746 0
 1154 1357 1668 1746 0
 78 381 683 1090 0
 126 1531 852 1645 0
 1224 1393 1517 1797 0
 955 954 953 1379 0
 575 577 1504 1617 0
 1407 1684 1247 1802 0
 414 606 524 1402 0
 129 816 130 1373 0
 1182 1405 1645 1826 0
 157 309 391 1633 0
 287 1565 225 1782 0
 416 1402 524 1635 0
 924 1494 618 1742 0
 539 696 773 1735 0
 195 200 199 1357 0
 541 601 605 1656 0
 1048 975 1047 1685 0
 229 1556 195 1718 0
 1618 1620 1251 1815 0
 709 776 600 1331 0
 1156 1377 1761 1808 0
 1145 1517 1264 1672 0
 337 304 151 1490 0
 1128 1451 1048 1518 0
 1106 1088 112 657 0
 756 1621 671 1683 0
 1134 1591 1703 1775 0
 549 512 548 1607 0
 585 584 399 1625 0
 1061 79 381 677 0
 1156 1408 1610 1789 0
 820 1438 869 1759 0
 795 392 666 1411 0
 1204 1754 1324 1780 0
 198 201 197 1643 0
 620 448 1387 1734 0
 1454 1581 1010 1783 0
 458 456 457 1546 0
 1092 1025 927 1365 0
 977 1395 1019 1726 0
 833 836 838 1322 0
 1270 1188 1543 1809 0
 931 1029 1080 1627 0
 1200 1272 1574 1673 0
 733 622 621 1285 0
 1187 1301 1641 1812 0
 683 921 78 1090 0
 792 1268 1577 1660 0
 1295 1180 1687 1814 0
 809 1379 856 1695 0
 685 534 779 1554 0
 323 1475 772 1793 0
 1086 1314 1602 1761 0
 644 1424 640 1663 0
 421 419 420 1665 0
 940 1545 942 1644 0
 1370 1756 1311 1785 0
 1272 1703 1591 1775 0
 1610 1684 1262 1784 0
 843 1471 1510 1613 0
 1349 1673 467 1765 0
 769 401 710 1365 0
 1422 1562 1220 1659 0
 363 315 46 150 0
 1138 1684 1610 1784 0
 744 930 374 1733 0
 1076 1109 923 1504 0
 905 874 1394 1432 0
 1379 1452 1284 1654 0
 479 529 478 1384 0
 544 635 636 1296 0
 785 1330 557 1778 0
 1338 1379 1175 1695 0
 1224 1517 1393 1541 0
 1142 1470 1760 1792 0
 961 963 962 1701 0
 199 1544 1357 1746 0
 991 994 992 1364 0
 1167 1432 1283 1821 0
 995 992 1602 1780 0
 164 297 313 1396 0
 510 507 607 1389 0
 677 712 678 1808 0
 507 607 1389 1809 0
 1174 1301 1731 1812 0
 252 1706 1683 1728 0
 708 564 563 1697 0
 164 265 297 1396 0
 1230 1591 1272 1703 0
 620 1387 621 1734 0
 558 513 602 1371 0
 1394 1589 1278 1718 0
 597 596 598 1763 0
 1486 1756 1311 1812 0
 476 716 590 1801 0
 764 520 1368 1502 0
 978 1028 1027 1527 0
 913 1511 814 1634 0
 1002 1038 1001 1783 0
 637 529 479 1480 0
 1212 1762 1527 1772 0
 807 1583 1405 1781 0
 1370 1564 1174 1672 0
 1145 1264 1564 1672 0
 683 719 791 1662 0
 1307 1592 1601 1826 0
 670 311 367 1513 0
 592 585 771 1448 0
 321 713 288 1606 0
 1175 1452 1274 1605 0
 372 568 1312 1696 0
 1140 1459 1306 1620 0
 992 990 1364 1780 0
 1323 1527 1051 1701 0
 1138 1802 1417 1818 0
 662 1085 105 371 0
 213 1538 251 1728 0
 456 1546 458 1651 0
 845 1528 1386 1638 0
 1087 922 1121 1660 0
 1495 1547 1216 1615 0
 451 1434 450 1816 0
 9 804 145 1790 0
 816 1373 129 1795 0
 1077 1312 1000 1696 0
 1247 1506 1309 1531 0
 1306 1459 1362 1620 0
 1415 1429 890 1516 0
 245 1636 316 1744 0
 539 422 424 1355 0
 1291 1484 1226 1551 0
 1131 1311 1756 1785 0
 648 461 460 1522 0
 468 1673 1272 1765 0
 642 641 490 1743 0
 569 769 550 1267 0
 803 884 285 1421 0
 1341 1481 1343 1649 0
 1210 1597 1528 1669 0
 1142 1375 1470 1557 0
 1383 1519 1223 1727 0
 1170 1499 1294 1740 0
 1051 1527 978 1701 0
 1244 1552 1480 1776 0
 555 444 1702 1796 0
 409 411 412 1519 0
 841 842 823 1302 0
 892 132 854 919 0
 1185 1553 1349 1758 0
 1334 1773 206 1782 0
 1169 1499 1294 1694 0
 1209 1260 1565 1703 0
 1012 888 1057 1352 0
 165 350 255 1358 0
 1183 1585 1438 1824 0
 1059 1028 1051 1527 0
 642 1507 641 1743 0
 126 896 1592 1826 0
 1393 1517 1145 1791 0
 1179 1723 1301 1731 0
 144 175 803 1382 0
 1240 1626 1297 1741 0
 1564 1672 1264 1731 0
 305 394 163 1496 0
 1281 1162 1570 1806 0
 1174 1641 1301 1812 0
 1156 1602 1314 1761 0
 796 737 688 1679 0
 606 524 1402 1763 0
 1217 1328 1587 1713 0
 1361 1459 1173 1657 0
 546 458 1476 1651 0
 1162 1501 1281 1570 0
 1117 1328 999 1726 0
 834 1623 835 1723 0
 983 1431 946 1754 0
 1052 939 1078 1331 0
 1280 1770 1252 1811 0
 207 258 1337 1720 0
 1167 1344 1589 1821 0
 285 177 144 1421 0
 764 1368 520 1753 0
 335 157 301 1342 0
 1292 1553 1229 1801 0
 1467 1671 635 1820 0
 376 1106 112 657 0
 213 212 185 1689 0
 513 1371 558 1778 0
 290 335 1524 1633 0
 680 630 1648 1660 0
 1014 1016 1020 1397 0
 1527 1762 1266 1772 0
 1049 966 975 1451 0
 292 214 291 1614 0
 455 1420 1546 1677 0
 1130 1586 1413 1587 0
 806 1506 1313 1645 0
 296 882 187 1790 0
 1266 1605 1315 1745 0
 887 1428 812 1498 0
 1132 1618 1653 1815 0
 931 380 742 1416 0
 671 1621 1513 1683 0
 1142 1557 1470 1792 0
 600 73 72 1722 0
 590 1553 472 1647 0
 1388 1419 1408 1610 0
 1614 1689 1299 1751 0
 232 290 231 1524 0
 1354 1594 1152 1734 0
 1296 1467 1214 1671 0
 1301 1597 1528 1725 0
 1355 1616 424 1735 0
 1683 1706 1368 1728 0
 621 1734 1387 1796 0
 1187 1486 1603 1812 0
 1166 1618 1620 1640 0
 543 454 451 1300 0
 572 574 1403 1633 0
 499 520 1502 1753 0
 1268 1353 1577 1771 0
 1271 1588 1740 1752 0
 1098 1605 979 1762 0
 480 479 477 1671 0
 1000 977 1042 1395 0
 201 202 1536 1643 0
 1136 1764 1603 1827 0
 1038 1010 1581 1783 0
 1248 1324 1431 1609 0
 1222 1377 1675 1794 0
 883 804 890 1516 0
 292 336 294 1410 0
 364 692 722 1537 0
 309 166 751 1633 0
 1241 1569 1559 1692 0
 448 570 436 1398 0
 677 684 712 1377 0
 6 885 300 1511 0
 207 1337 255 1773 0
 1338 1183 1404 1681 0
 435 619 438 1612 0
 1244 1580 1296 1671 0
 85 666 1083 687 0
 1019 1117 1726 1757 0
 623 1492 1241 1661 0
 1328 1190 1713 1757 0
 1460 1487 1172 1551 0
 1112 950 1099 1454 0
 916 1386 881 1669 0
 350 255 1358 1773 0
 660 1081 115 929 0
 1060 1093 377 767 0
 1177 1526 1275 1787 0
 397 740 575 1504 0
 1210 1397 1374 1690 0
 1301 1637 1179 1731 0
 1200 1522 1350 1724 0
 984 958 986 1600 0
 926 118 729 707 0
 521 466 467 1349 0
 486 484 485 1552 0
 1038 1581 1400 1783 0
 634 474 471 1317 0
 1097 1648 1031 1660 0
 1168 1332 1436 1682 0
 736 598 655 1475 0
 271 348 1496 1822 0
 1188 1270 1543 1678 0
 196 177 1421 1710 0
 1183 1438 1655 1824 0
 1039 972 971 1711 0
 1306 1806 1535 1815 0
 1269 1604 1221 1800 0
 784 752 383 1567 0
 174 1283 170 1821 0
 1315 1605 1175 1745 0
 1225 1449 1318 1748 0
 1337 1457 1205 1819 0
 816 853 854 1465 0
 244 248 249 1770 0
 1053 1047 934 1558 0
 578 397 577 1504 0
 390 725 674 1329 0
 1389 1693 507 1809 0
 627 1420 455 1677 0
 1207 1686 1516 1707 0
 1170 1351 1532 1586 0
 798 659 760 1627 0
 1313 1506 1247 1645 0
 932 663 1100 1482 0
 705 801 743 1562 0
 176 178 175 1382 0
 503 515 502 1554 0
 1162 1479 1290 1570 0
 439 440 441 1569 0
 861 1583 807 1781 0
 619 435 434 1612 0
 285 144 803 1421 0
 424 1616 1355 1632 0
 1528 1597 1210 1725 0
 377 1093 1060 1485 0
 985 1453 1639 1774 0
 873 889 841 1495 0
 949 968 1057 1352 0
 621 1285 622 1734 0
 1399 1488 1214 1619 0
 1190 1481 1341 1649 0
 845 881 1386 1669 0
 925 366 86 687 0
 714 554 795 1411 0
 835 834 832 1623 0
 628 648 460 1575 0
 289 693 23 365 0
 1400 1783 1298 1817 0
 874 886 905 1394 0
 1217 1726 1328 1757 0
 1564 1568 1201 1764 0
 1131 1756 1370 1785 0
 884 812 240 1498 0
 388 792 738 1660 0
 1025 1009 927 1365 0
 827 870 871 1429 0
 1251 1620 1618 1640 0
 733 555 800 1796 0
 314 149 318 1571 0
 1251 1653 1618 1815 0
 583 537 1437 1636 0
 1100 99 389 663 0
 1144 1555 1320 1678 0
 1297 1741 1708 1825 0
 471 470 634 1719 0
 707 1095 370 1518 0
 1396 1479 1162 1570 0
 1084 925 86 687 0
 178 1382 176 1709 0
 848 909 902 1803 0
 275 281 162 1445 0
 1206 1704 1441 1786 0
 618 924 781 1494 0
 1362 1166 1618 1620 0
 1138 1388 1684 1750 0
 711 658 787 1799 0
 1157 1806 1520 1815 0
 402 593 403 1590 0
 1245 1533 1542 1791 0
 412 556 1383 1778 0
 1156 1761 1314 1808 0
 1162 1281 1501 1806 0
 951 952 949 1608 0
 1302 1142 1585 1760 0
 1157 1421 1572 1710 0
 936 105 1085 371 0
 379 1034 681 1675 0
 1184 1412 1411 1774 0
 660 115 1081 359 0
 1352 1386 1163 1638 0
 308 165 257 1457 0
 340 327 178 1709 0
 900 1056 863 1366 0
 537 527 582 1437 0
 1074 118 729 926 0
 1364 1602 992 1780 0
 880 1641 1301 1723 0
 469 1647 472 1765 0
 1189 1477 1770 1811 0
 1215 1611 1370 1785 0
 1385 1483 1179 1653 0
 1254 1514 1355 1665 0
 302 61 154 360 0
 1361 1455 1225 1798 0
 245 1578 1636 1744 0
 1355 1478 1254 1785 0
 147 182 181 1634 0
 533 672 728 1422 0
 301 1342 157 1739 0
 735 579 551 1563 0
 1317 1591 1272 1719 0
 908 874 895 1721 0
 1138 1408 1388 1750 0
 391 656 157 1739 0
 804 1415 145 1790 0
 1076 1000 1077 1312 0
 1053 370 120 1095 0
 1167 1469 1344 1529 0
 620 528 621 1796 0
 500 499 501 1456 0
 1133 1604 1375 1779 0
 1217 1532 1351 1586 0
 455 1546 452 1677 0
 147 1511 216 1634 0
 193 284 346 1394 0
 838 848 1401 1766 0
 1120 1077 1000 1696 0
 1138 1388 1408 1610 0
 1031 1648 1343 1660 0
 771 386 592 1448 0
 837 835 839 1326 0
 642 714 790 1743 0
 1412 1599 1184 1642 0
 285 196 177 1421 0
 277 356 1475 1544 0
 929 1124 387 1512 0
 393 260 160 1505 0
 1247 1506 1313 1750 0
 126 852 127 1645 0
 193 1394 346 1718 0
 1335 1222 1599 1794 0
 381 678 719 1314 0
 1226 1704 1321 1786 0
 1388 1408 1180 1750 0
 1599 1779 1269 1800 0
 1184 1599 1412 1774 0
 1324 1458 1431 1609 0
 1023 1335 1453 1774 0
 199 268 277 1544 0
 1049 1048 1128 1451 0
 1037 1594 1096 1733 0
 1304 1557 1208 1792 0
 174 1433 1283 1821 0
 1372 1459 1362 1676 0
 805 136 875 1068 0
 845 836 1528 1638 0
 580 590 581 1801 0
 1297 1168 1583 1708 0
 916 881 947 1669 0
 1355 1616 1201 1632 0
 209 280 210 1433 0
 1070 924 618 1742 0
 1339 1681 1183 1777 0
 1203 1473 1305 1651 0
 1185 1647 1317 1765 0
 1299 1689 1347 1751 0
 843 1471 899 1510 0
 1454 1581 1187 1597 0
 1133 1779 1599 1800 0
 628 734 1575 1749 0
 1132 1653 1319 1815 0
 296 189 1428 1790 0
 1236 1544 1357 1668 0
 471 1317 474 1647 0
 464 648 708 1376 0
 870 890 1429 1516 0
 207 258 257 1337 0
 573 510 607 1732 0
 1314 1602 1228 1662 0
 1042 1395 977 1726 0
 1319 1520 1189 1692 0
 1156 1364 1602 1761 0
 1162 1501 1290 1717 0
 843 1510 844 1613 0
 1324 1248 1431 1754 0
 355 654 298 1736 0
 807 1405 128 1781 0
 53 691 364 1537 0
 859 857 858 1588 0
 846 1528 1301 1597 0
 1140 1535 1318 1620 0
 414 413 411 1519 0
 255 207 257 1337 0
 705 1562 743 1659 0
 1381 1414 1209 1810 0
 1222 1599 1412 1747 0
 1023 1453 1335 1823 0
 170 148 171 1432 0
 589 404 605 1656 0
 1095 1048 1053 1518 0
 1233 1516 1415 1686 0
 1285 1198 1631 1796 0
 320 167 67 1500 0
 170 171 172 1821 0
 1297 1199 1741 1825 0
 1184 1453 1335 1774 0
 737 1457 688 1679 0
 564 720 783 1496 0
 316 583 768 1744 0
 144 176 175 1382 0
 1357 1544 1236 1746 0
 901 1072 941 1465 0
 781 1106 376 1494 0
 843 851 844 1510 0
 1210 1690 1637 1725 0
 1312 1540 1227 1696 0
 904 357 169 1472 0
 1216 1585 1760 1824 0
 1421 1535 1157 1598 0
 1369 1686 1207 1707 0
 372 1312 1077 1696 0
 1394 1718 1171 1721 0
 1600 1639 1284 1769 0
 125 874 1432 1592 0
 1248 1324 1609 1818 0
 1230 1272 1591 1719 0
 318 22 289 672 0
 1032 1097 373 1648 0
 896 127 1405 1826 0
 71 1441 383 1704 0
 1252 1541 1280 1811 0
 128 817 129 1468 0
 941 940 1129 1373 0
 882 9 187 1790 0
 1268 1737 1282 1771 0
 1183 1681 1338 1777 0
 20 758 149 310 0
 236 198 347 1643 0
 1374 1594 1021 1804 0
 1376 1209 1574 1810 0
 661 660 717 1512 0
 678 719 1314 1808 0
 1130 1586 1587 1713 0
 597 606 1340 1763 0
 665 747 1396 1661 0
 300 169 344 1511 0
 1192 1646 1415 1790 0
 1180 1615 1295 1687 0
 129 130 815 1644 0
 1470 1557 1304 1792 0
 1169 1271 1499 1652 0
 1239 1469 1344 1700 0
 1070 1127 1055 1742 0
 1198 1463 1489 1667 0
 190 192 206 1646 0
 24 365 679 1562 0
 607 1550 1389 1809 0
 1347 1538 1299 1792 0
 372 575 740 1312 0
 379 681 775 1675 0
 911 1583 1510 1601 0
 289 338 318 1422 0
 934 398 695 1558 0
 325 363 45 150 0
 928 1061 1035 1377 0
 1428 1650 1192 1790 0
 1202 1277 1571 1732 0
 1123 1083 933 1411 0
 703 775 1412 1747 0
 190 1646 1334 1650 0
 1252 1736 1477 1770 0
 71 589 385 1656 0
 1473 1238 1546 1651 0
 1346 1494 1017 1767 0
 934 1078 709 1558 0
 917 960 1089 1315 0
 126 896 811 1592 0
 856 869 1338 1759 0
 447 450 1434 1816 0
 739 652 549 1607 0
 917 959 960 1807 0
 968 1119 1057 1352 0
 1183 1339 1658 1681 0
 1347 1689 1207 1751 0
 135 917 898 875 0
 556 604 412 1383 0
 483 639 485 1552 0
 637 481 484 1480 0
 221 251 1538 1728 0
 163 328 271 1496 0
 985 1023 1453 1774 0
 445 444 443 1447 0
 886 239 284 1394 0
 800 718 1446 1702 0
 1603 1725 1187 1812 0
 905 148 124 1432 0
 393 669 793 1505 0
 373 1097 680 1648 0
 682 114 359 938 0
 702 1683 1368 1753 0
 854 855 892 1523 0
 1136 1725 1603 1731 0
 289 672 693 1422 0
 599 765 594 1445 0
 1038 918 1400 1581 0
 1292 1229 1772 1801 0
 1311 1564 1201 1764 0
 707 926 1095 1518 0
 785 557 558 1778 0
 1012 1057 1119 1352 0
 509 507 510 1693 0
 205 1565 228 1822 0
 1274 1452 1426 1755 0
 919 1072 854 988 0
 164 690 49 307 0
 317 188 1415 1646 0
 555 528 444 1796 0
 1285 1594 1152 1631 0
 554 643 494 1392 0
 1513 1683 1208 1728 0
 735 551 641 1507 0
 1245 1533 1391 1542 0
 1058 1346 1017 1767 0
 1225 1748 1318 1798 0
 203 275 274 1700 0
 1177 1561 1279 1779 0
 1313 1645 1247 1802 0
 938 682 113 657 0
 503 653 1439 1624 0
 388 738 103 1087 0
 1332 1425 1223 1670 0
 423 612 1632 1805 0
 1343 1577 1268 1660 0
 992 990 991 1364 0
 596 1475 598 1763 0
 1153 1508 1332 1626 0
 974 999 1117 1328 0
 1036 951 1021 1804 0
 741 1500 68 1705 0
 1212 1527 1485 1772 0
 10 296 143 812 0
 1351 1740 1588 1752 0
 845 1386 847 1638 0
 1335 1774 1023 1794 0
 1023 1335 1104 1823 0
 1426 1452 1175 1654 0
 359 773 682 1378 0
 1089 996 1067 1605 0
 136 805 915 1068 0
 311 161 367 1513 0
 147 181 7 814 0
 387 929 116 1124 0
 995 1018 992 1780 0
 444 442 443 1447 0
 972 1359 1711 1817 0
 1324 1602 1228 1789 0
 1041 1373 1103 1754 0
 1191 1588 1351 1740 0
 1056 1011 863 1366 0
 1599 1642 1412 1747 0
 680 567 630 1660 0
 376 658 711 1494 0
 1236 1668 1357 1746 0
 397 575 577 1504 0
 820 818 819 1615 0
 698 793 734 1749 0
 1181 1542 1533 1791 0
 829 826 828 1461 0
 994 991 1113 1761 0
 352 301 157 1739 0
 1271 1740 1499 1752 0
 391 309 751 1633 0
 439 442 620 1569 0
 1010 1454 950 1669 0
 649 508 509 1693 0
 1086 994 1110 1761 0
 704 616 746 1738 0
 369 573 728 1732 0
 145 1415 188 1790 0
 1342 1635 732 1739 0
 920 130 940 1644 0
 1174 1311 1756 1812 0
 487 489 490 1664 0
 741 67 68 1500 0
 726 546 631 1476 0
 747 516 697 1559 0
 1385 1623 1251 1653 0
 1686 1707 1369 1720 0
 1191 1701 1497 1807 0
 1088 1017 1058 1346 0
 764 705 520 1502 0
 1100 932 99 663 0
 217 218 219 1493 0
 536 588 618 1742 0
 826 1461 829 1752 0
 1224 1578 1437 1636 0
 256 279 206 1782 0
 1133 1279 1576 1779 0
 119 370 707 1095 0
 860 1351 891 1588 0
 389 721 98 1100 0
 1225 1455 1748 1798 0
 1040 1128 1074 1330 0
 500 534 647 1747 0
 405 404 403 1487 0
 516 1559 747 1661 0
 1324 1754 1018 1780 0
 57 751 309 166 0
 985 1639 1022 1774 0
 772 154 655 1475 0
 1351 1532 1191 1740 0
 416 524 561 1635 0
 227 271 333 1788 0
 290 286 166 1744 0
 1201 1568 1427 1764 0
 609 1502 705 1659 0
 1070 110 618 924 0
 1271 1588 1191 1740 0
 828 830 829 1461 0
 289 263 338 1422 0
 1086 1091 995 1602 0
 1083 1084 85 687 0
 911 1510 851 1601 0
 1190 1328 1481 1649 0
 1189 1770 1280 1811 0
 1209 1496 1490 1822 0
 1302 1760 1585 1824 0
 147 216 184 1634 0
 854 1072 901 1465 0
 1324 1789 1609 1818 0
 1042 977 1019 1726 0
 1083 666 84 392 0
 1096 1594 1354 1733 0
 1170 1532 1351 1740 0
 1198 1489 1463 1631 0
 954 956 1523 1823 0
 946 1431 982 1729 0
 1179 1623 1385 1653 0
 1289 1616 1201 1764 0
 410 597 606 1340 0
 639 523 700 1336 0
 1335 1576 1184 1599 0
 867 878 849 1598 0
 317 1415 295 1686 0
 212 215 291 1614 0
 1060 767 377 1485 0
 930 1096 1055 1733 0
 734 720 628 1575 0
 283 298 243 1537 0
 1297 1583 1405 1708 0
 67 778 400 1500 0
 328 41 362 723 0
 228 205 225 1565 0
 744 374 571 1733 0
 1254 1478 1355 1514 0
 912 1391 908 1721 0
 583 722 537 1636 0
 367 27 311 670 0
 1183 1622 1302 1655 0
 1290 1479 1162 1717 0
 483 484 481 1552 0
 1041 940 1373 1545 0
 1172 1551 1487 1714 0
 245 234 241 1578 0
 1347 1584 1207 1689 0
 256 206 1773 1782 0
 1190 1712 1352 1766 0
 1226 1487 1551 1714 0
 785 717 1512 1699 0
 583 537 582 1437 0
 305 163 348 1496 0
 1494 1742 1218 1799 0
 1355 1161 1616 1735 0
 458 631 546 1476 0
 358 307 690 1477 0
 976 963 961 1497 0
 726 663 786 1482 0
 804 910 1415 1790 0
 821 841 823 1824 0
 89 1066 931 742 0
 1099 1454 1010 1783 0
 1208 1513 1329 1621 0
 952 969 968 1608 0
 560 559 713 1606 0
 1189 1319 1692 1811 0
 620 621 448 1734 0
 684 81 379 1675 0
 307 358 158 1477 0
 533 1422 1550 1659 0
 654 691 298 1736 0
 851 843 899 1510 0
 31 336 668 294 0
 181 883 7 814 0
 496 497 495 1596 0
 375 751 166 1633 0
 426 1632 1316 1674 0
 922 103 738 1087 0
 269 170 174 1283 0
 304 1490 228 1565 0
 1218 1715 1289 1799 0
 1300 1717 1492 1816 0
 879 849 1382 1533 0
 1184 1561 1576 1769 0
 1318 1525 1225 1798 0
 861 807 128 1781 0
 1142 1760 1347 1792 0
 1347 1634 1193 1760 0
 1109 96 740 1077 0
 1184 1335 1599 1774 0
 828 877 831 1449 0
 525 594 595 1548 0
 1157 1598 1535 1815 0
 657 763 658 1346 0
 738 1097 922 1660 0
 547 511 753 1579 0
 494 493 495 1596 0
 1190 1481 1328 1713 0
 674 644 640 1663 0
 272 201 259 1536 0
 1043 935 1120 1696 0
 853 817 1450 1795 0
 774 320 67 1500 0
 367 161 342 1683 0
 391 574 572 1633 0
 24 156 365 1562 0
 1185 1553 1292 1647 0
 588 1354 374 1742 0
 493 491 492 1526 0
 761 700 1410 1663 0
 1250 1510 1471 1613 0
 1032 998 1031 1648 0
 723 783 362 1496 0
 887 1428 1680 1790 0
 822 821 1655 1824 0
 552 408 604 1727 0
 585 586 771 1625 0
 1152 1594 1374 1631 0
 1256 1639 1600 1769 0
 1414 1574 1209 1810 0
 1318 1535 1140 1748 0
 507 1693 508 1809 0
 1178 1286 1666 1691 0
 1226 1484 1291 1656 0
 929 387 660 1512 0
 1355 1665 1215 1785 0
 896 1405 1601 1826 0
 846 907 894 1641 0
 807 127 128 1405 0
 287 225 279 1782 0
 9 145 187 1790 0
 1258 1655 1622 1658 0
 1132 1362 1463 1618 0
 800 718 662 1446 0
 1259 1725 1603 1827 0
 799 626 1492 1717 0
 188 190 189 1650 0
 152 53 364 1537 0
 902 909 805 1327 0
 644 492 489 1526 0
 228 1565 1490 1822 0
 849 1385 835 1598 0
 847 1352 888 1766 0
 1183 1622 1655 1658 0
 1427 1715 1509 1799 0
 369 318 21 149 0
 863 862 815 1366 0
 688 368 159 1457 0
 61 655 154 360 0
 702 764 1368 1683 0
 252 1683 161 1728 0
 193 195 194 1718 0
 1473 1476 1238 1651 0
 159 368 308 1457 0
 1209 1574 1414 1703 0
 416 417 415 1630 0
 848 1401 1766 1803 0
 339 1679 1457 1819 0
 1350 1522 1200 1716 0
 1002 972 1003 1711 0
 1086 1602 994 1761 0
 1226 1321 1487 1714 0
 770 1127 1070 1742 0
 1024 933 1412 1774 0
 53 298 691 1537 0
 671 756 545 1621 0
 770 374 1127 1742 0
 845 897 881 1669 0
 764 520 702 1753 0
 1021 951 1020 1374 0
 1315 1175 1605 1695 0
 846 894 864 1597 0
 1069 1085 1045 1446 0
 773 696 682 1735 0
 344 218 216 1511 0
 730 560 713 1358 0
 1072 854 132 919 0
 325 44 667 393 0
 618 1494 711 1799 0
 332 221 251 1538 0
 247 270 227 1381 0
 471 469 470 1765 0
 1453 1639 1184 1769 0
 548 784 569 1567 0
 764 702 1368 1753 0
 1253 1601 1405 1826 0
 1335 1435 1222 1794 0
 629 456 538 1651 0
 373 1032 101 1097 0
 271 270 348 1822 0
 1140 1620 1318 1798 0
 1609 1789 1138 1818 0
 201 202 226 1536 0
 44 325 260 393 0
 293 1679 339 1819 0
 540 697 440 1559 0
 1118 1011 1056 1366 0
 339 1457 257 1819 0
 1282 1608 1341 1737 0
 1194 1333 1552 1776 0
 156 261 263 1562 0
 925 1108 366 1563 0
 852 1506 806 1645 0
 196 197 180 1710 0
 422 421 423 1665 0
 962 1051 978 1701 0
 50 690 358 307 0
 845 838 836 1638 0
 1477 1736 324 1770 0
 1464 1509 1232 1715 0
 753 531 585 1579 0
 24 679 262 1562 0
 1368 1706 1304 1728 0
 166 375 1633 1744 0
 1162 1520 1360 1806 0
 684 928 81 1675 0
 1166 1629 1525 1798 0
 1199 1418 1741 1825 0
 1205 1679 1410 1819 0
 187 188 189 1790 0
 608 732 572 1635 0
 358 158 50 307 0
 707 926 119 1095 0
 1208 1683 1368 1728 0
 814 883 889 1634 0
 1014 1020 1112 1397 0
 1295 1615 1216 1687 0
 515 1554 1439 1808 0
 1322 1623 1251 1640 0
 1192 1593 1428 1680 0
 1272 1765 1673 1775 0
 152 1537 364 1636 0
 1306 1520 1162 1806 0
 646 545 496 1325 0
 736 360 561 1739 0
 1250 1348 1503 1682 0
 737 636 368 1457 0
 135 917 875 959 0
 516 623 441 1661 0
 1459 1657 1361 1798 0
 861 129 815 1781 0
 173 194 203 1700 0
 1446 1702 1268 1771 0
 883 8 804 295 0
 219 222 341 1423 0
 1289 1715 1427 1799 0
 168 124 1 148 0
 67 167 778 1500 0
 1125 1038 918 1400 0
 1594 1733 1285 1734 0
 954 1075 956 1823 0
 651 407 405 1460 0
 852 1531 1506 1645 0
 1022 987 1123 1639 0
 36 288 321 713 0
 573 607 728 1732 0
 883 1584 889 1634 0
 1046 1050 1047 1685 0
 1566 1685 1240 1741 0
 568 575 372 1312 0
 545 1325 646 1621 0
 305 228 1490 1822 0
 961 1701 962 1807 0
 577 1553 580 1617 0
 1002 1004 1005 1530 0
 973 970 969 1649 0
 1405 1583 1297 1781 0
 1361 1225 1629 1798 0
 1216 1547 1320 1687 0
 1268 1702 1353 1771 0
 372 576 568 1696 0
 1357 1556 1171 1718 0
 855 840 856 1759 0
 942 943 920 1644 0
 1167 1589 1432 1821 0
 985 1075 957 1453 0
 573 531 510 1732 0
 1183 1658 1404 1681 0
 100 932 373 663 0
 680 373 101 1097 0
 261 1562 262 1706 0
 933 1114 1024 1412 0
 619 434 616 1409 0
 1187 1597 1301 1725 0
 1180 1547 1506 1615 0
 963 1051 962 1701 0
 424 425 1616 1632 0
 116 660 929 387 0
 849 835 867 1598 0
 838 847 848 1766 0
 43 669 393 160 0
 1145 1564 1370 1672 0
 1063 1064 1563 1600 0
 1315 1191 1588 1807 0
 781 924 1106 1494 0
 273 272 349 1570 0
 1191 1532 1430 1740 0
 171 1589 172 1821 0
 449 453 566 1577 0
 277 356 276 1475 0
 102 738 1097 922 0
 809 134 1067 898 0
 499 500 497 1456 0
 1023 1075 1453 1823 0
 823 1655 821 1824 0
 337 39 305 754 0
 801 365 743 1562 0
 398 934 709 1558 0
 807 896 127 1405 0
 1002 1530 1005 1783 0
 572 732 391 1342 0
 1182 1645 1313 1802 0
 472 473 590 1647 0
 477 635 1671 1820 0
 762 668 1410 1679 0
 990 1116 988 1465 0
 367 1513 161 1683 0
 1041 941 1103 1373 0
 935 98 721 1100 0
 1223 1508 1383 1727 0
 499 498 520 1753 0
 423 612 426 1632 0
 248 176 179 1572 0
 1132 1463 1362 1667 0
 766 543 676 1717 0
 899 896 851 1601 0
 1173 1459 1372 1676 0
 953 1067 955 1379 0
 882 1428 887 1790 0
 1549 1582 1135 1707 0
 760 1485 581 1801 0
 468 467 1673 1765 0
 1041 942 940 1545 0
 441 440 516 1559 0
 71 383 70 1704 0
 532 609 705 1659 0
 1247 1750 1313 1802 0
 825 822 824 1404 0
 967 1118 1628 1817 0
 337 754 305 1490 0
 1146 1348 1503 1668 0
 1203 1476 1473 1651 0
 993 1104 1023 1335 0
 213 251 250 1728 0
 169 357 168 1472 0
 296 187 189 1790 0
 1354 1733 1594 1734 0
 549 548 550 1607 0
 899 811 896 1601 0
 1134 1414 1574 1703 0
 1437 1636 1578 1744 0
 1360 1710 1281 1806 0
 533 743 1422 1659 0
 303 184 332 1538 0
 41 328 163 723 0
 1132 1489 1463 1667 0
 1019 976 1094 1757 0
 671 725 1513 1621 0
 1265 1685 1566 1741 0
 505 504 506 1624 0
 970 1649 1008 1712 0
 1251 1618 1322 1640 0
 1097 680 1648 1660 0
 1298 1711 1359 1817 0
 667 393 757 1505 0
 1038 1099 1010 1783 0
 641 642 735 1507 0
 290 309 335 1633 0
 1202 1550 1389 1732 0
 563 1490 562 1697 0
 93 377 1093 767 0
 1285 1733 622 1734 0
 847 845 881 1386 0
 626 799 543 1717 0
 38 337 151 754 0
 250 252 161 1728 0
 1351 1170 1740 1752 0
 374 1354 571 1733 0
 698 628 627 1749 0
 1304 1208 1728 1792 0
 529 637 638 1521 0
 58 391 157 309 0
 147 6 300 1511 0
 330 1720 1369 1819 0
 492 645 646 1621 0
 84 933 1083 392 0
 906 879 803 1382 0
 1230 1591 1317 1719 0
 1086 921 1091 1662 0
 452 455 456 1546 0
 447 451 450 1816 0
 1284 1639 1453 1769 0
 503 505 653 1624 0
 1150 1575 1376 1810 0
 424 1616 517 1735 0
 577 632 1553 1617 0
 724 1479 676 1717 0
 688 1457 159 1679 0
 1218 1509 1464 1715 0
 175 13 803 906 0
 1352 847 1638 1766 0
 127 896 126 1826 0
 1374 1631 1594 1804 0
 369 20 758 149 0
 1222 1747 1554 1800 0
 716 530 760 1801 0
 1375 1142 1585 1787 0
 1293 1542 1393 1791 0
 1098 964 979 1605 0
 1248 1545 1431 1754 0
 1297 1781 1199 1825 0
 883 181 295 1584 0
 1098 1102 996 1452 0
 771 741 386 1705 0
 505 1624 506 1809 0
 366 1108 579 1563 0
 529 1521 638 1768 0
 374 588 570 1354 0
 277 194 199 1544 0
 772 1475 596 1793 0
 871 877 827 1680 0
 831 877 868 1449 0
 286 232 234 1578 0
 884 11 240 812 0
 1222 1675 1412 1794 0
 1270 1543 1550 1809 0
 156 24 262 1562 0
 1603 1725 1136 1827 0
 780 389 726 1482 0
 311 27 367 161 0
 179 1572 177 1710 0
 903 887 812 1498 0
 19 758 310 329 0
 880 907 846 1641 0
 1456 1502 1160 1753 0
 1166 1620 1459 1798 0
 871 870 890 1429 0
 1063 986 1064 1600 0
 355 298 283 1736 0
 1132 1319 1653 1813 0
 627 542 698 1749 0
 602 415 418 1630 0
 124 125 874 1432 0
 751 57 375 166 0
 1269 1747 1599 1800 0
 820 869 840 1759 0
 1098 1452 996 1605 0
 335 231 290 1524 0
 224 326 317 1686 0
 1376 1574 1209 1697 0
 920 130 4 940 0
 865 862 894 1534 0
 266 230 229 1556 0
 152 241 243 1537 0
 1001 1038 1125 1400 0
 681 703 775 1412 0
 351 250 161 1513 0
 1134 1593 1406 1694 0
 1140 1748 1455 1798 0
 375 582 613 1744 0
 561 732 1635 1739 0
 572 522 420 1403 0
 245 334 316 1636 0
 723 163 40 394 0
 446 1492 626 1816 0
 1066 1111 931 1416 0
 279 191 190 1650 0
 1318 1748 1140 1798 0
 380 90 689 1080 0
 906 343 14 813 0
 945 1566 1046 1685 0
 1553 1617 1349 1758 0
 1136 1715 1764 1827 0
 1427 1232 1509 1715 0
 265 1477 324 1770 0
 842 883 1516 1584 0
 807 896 1405 1601 0
 361 288 713 1606 0
 1060 93 1093 767 0
 53 152 298 1537 0
 1174 1756 1641 1812 0
 942 946 944 1545 0
 1216 1760 1495 1824 0
 295 317 145 1415 0
 427 1632 426 1674 0
 128 1468 129 1781 0
 628 698 734 1749 0
 717 387 785 1512 0
 1157 1710 1360 1806 0
 1506 1531 1247 1645 0
 1013 1017 1494 1767 0
 617 432 433 1509 0
 1238 1522 1350 1716 0
 1404 1655 1258 1658 0
 1316 1632 1201 1674 0
 1314 1761 1377 1808 0
 609 499 520 1502 0
 832 833 830 1640 0
 491 489 492 1526 0
 1568 1715 1427 1764 0
 1183 1655 1404 1658 0
 853 816 817 1795 0
 1215 1539 1403 1805 0
 1137 1708 1741 1825 0
 180 179 177 1710 0
 1214 1671 1467 1820 0
 1485 1772 1229 1801 0
 772 655 596 1475 0
 822 825 869 1404 0
 1641 1756 1255 1812 0
 220 222 219 1423 0
 993 1435 1335 1794 0
 763 682 696 1735 0
 1060 1059 923 1504 0
 385 72 71 1722 0
 375 613 574 1633 0
 1334 1646 1192 1650 0
 1226 1551 1443 1714 0
 274 173 203 1700 0
 533 1550 532 1659 0
 22 693 289 672 0
 675 676 724 1479 0
 225 304 228 1565 0
 76 1101 1082 694 0
 1389 1543 1188 1809 0
 724 624 665 1661 0
 1010 1581 1454 1669 0
 1019 1117 999 1726 0
 284 239 346 1394 0
 352 157 59 656 0
 236 202 198 1643 0
 577 632 580 1553 0
 1202 1543 1389 1550 0
 1222 1599 1747 1800 0
 293 294 339 1679 0
 3 73 939 1092 0
 618 711 536 1799 0
 667 363 45 325 0
 369 584 573 1732 0
 512 547 548 1567 0
 488 1424 644 1664 0
 1184 1411 1639 1774 0
 397 95 740 1109 0
 1425 1469 1146 1698 0
 727 638 1416 1768 0
 1048 1049 975 1451 0
 121 1053 934 695 0
 952 968 949 1608 0
 391 58 751 309 0
 810 872 873 1691 0
 672 318 21 369 0
 404 382 403 1487 0
 305 348 228 1822 0
 290 166 309 1633 0
 1189 1559 1356 1692 0
 471 1647 469 1765 0
 144 175 13 803 0
 147 184 182 1634 0
 675 724 395 1479 0
 821 1495 841 1824 0
 501 504 503 1624 0
 653 515 503 1439 0
 742 931 89 380 0
 1525 1629 1225 1798 0
 1427 1715 1289 1764 0
 982 946 983 1431 0
 143 240 812 1498 0
 1138 1789 1408 1818 0
 1204 1795 1313 1818 0
 1143 1714 1321 1786 0
 1229 1485 1527 1772 0
 838 848 866 1401 0
 668 688 32 1679 0
 686 367 342 1683 0
 772 323 62 154 0
 65 599 162 765 0
 627 455 542 1677 0
 1111 1065 1030 1755 0
 1175 1654 1338 1681 0
 1461 1499 1170 1752 0
 143 296 322 1498 0
 1387 1734 1285 1796 0
 949 916 948 1386 0
 1567 1607 1262 1784 0
 635 544 480 1671 0
 155 774 788 1625 0
 174 209 1433 1821 0
 600 72 385 1722 0
 572 574 522 1403 0
 1142 1375 1557 1787 0
 191 204 189 1650 0
 1321 1714 1226 1786 0
 1029 1027 937 1627 0
 334 55 316 583 0
 1072 1116 941 1465 0
 336 378 31 668 0
 1553 1647 1185 1765 0
 507 508 505 1809 0
 145 804 8 295 0
 596 655 598 1475 0
 1426 1654 1175 1681 0
 412 513 556 1778 0
 405 407 406 1460 0
 770 1070 618 1742 0
 183 295 1584 1686 0
 661 539 773 1514 0
 950 1010 1099 1454 0
 750 1441 71 1722 0
 333 260 226 1788 0
 1302 1495 1760 1824 0
 910 882 887 1790 0
 985 1022 1023 1774 0
 1122 1028 1060 1485 0
 761 640 700 1663 0
 860 891 1351 1752 0
 278 162 306 1445 0
 322 247 345 1560 0
 168 1 124 357 0
 557 785 729 1330 0
 1023 993 1335 1794 0
 703 1412 1642 1747 0
 213 303 251 1538 0
 546 538 458 1651 0
 704 746 654 1736 0
 1352 1638 1401 1766 0
 300 216 147 1511 0
 681 392 731 1412 0
 837 834 835 1723 0
 159 32 688 1679 0
 823 822 821 1655 0
 159 1457 339 1679 0
 1034 379 81 1675 0
 1373 1545 1248 1754 0
 825 1404 824 1652 0
 813 908 912 1391 0
 423 421 612 1805 0
 1157 1572 1360 1710 0
 333 1505 260 1788 0
 775 534 685 1747 0
 130 816 901 1373 0
 1184 1576 1561 1779 0
 475 1467 635 1820 0
 401 750 72 1722 0
 326 1686 224 1720 0
 985 1023 1075 1453 0
 1209 1810 1496 1822 0
 413 412 411 1519 0
 468 469 467 1765 0
 587 562 754 1490 0
 994 995 992 1602 0
 581 760 377 1485 0
 1058 1017 1006 1767 0
 792 1577 567 1660 0
 489 488 644 1664 0
 1359 1628 1176 1817 0
 1212 1772 1485 1801 0
 921 683 77 1662 0
 808 1581 1115 1669 0
 145 188 187 1790 0
 1013 1017 924 1494 0
 821 876 841 1495 0
 723 394 564 1496 0
 1267 1607 1567 1784 0
 735 790 366 1563 0
 221 219 341 1493 0
 125 811 874 1592 0
 260 1505 226 1788 0
 860 914 891 1752 0
 859 860 891 1588 0
 186 212 1614 1689 0
 120 370 1053 695 0
 319 310 149 1571 0
 678 797 719 1808 0
 1093 92 937 659 0
 168 269 169 1472 0
 273 349 315 1479 0
 416 414 524 1402 0
 1184 1639 1453 1774 0
 1045 1121 1044 1737 0
 1126 1712 1008 1757 0
 330 326 224 1720 0
 941 1041 940 1373 0
 95 397 923 1109 0
 1189 1692 1356 1811 0
 738 680 1097 1660 0
 872 125 124 1472 0
 668 378 762 1410 0
 427 425 426 1632 0
 536 432 1509 1799 0
 377 767 578 1485 0
 126 811 125 1592 0
 873 841 876 1495 0
 967 1001 1118 1817 0
 1018 1754 1103 1780 0
 1160 1502 1368 1753 0
 1517 1672 1145 1791 0
 305 40 163 394 0
 424 423 425 1632 0
 597 598 606 1763 0
 1269 1642 1599 1747 0
 508 507 509 1693 0
 317 192 188 1646 0
 1138 1408 1750 1818 0
 1438 1585 1216 1824 0
 934 1047 1050 1558 0
 912 850 839 1533 0
 1017 1106 924 1494 0
 1217 1328 1713 1757 0
 813 343 14 146 0
 243 241 242 1541 0
 468 465 633 1673 0
 807 1583 911 1601 0
 587 151 37 361 0
 1454 1597 1187 1725 0
 565 1416 638 1521 0
 1184 1599 1576 1779 0
 654 298 52 355 0
 1243 1658 1339 1681 0
 396 76 1082 694 0
 842 889 883 1584 0
 979 978 1027 1762 0
 808 1115 947 1669 0
 958 996 1102 1452 0
 992 1054 990 1780 0
 398 749 695 1558 0
 1190 1327 1712 1766 0
 380 931 90 1080 0
 201 198 202 1643 0
 1232 1427 1568 1715 0
 340 248 242 1709 0
 1181 1517 1393 1791 0
 998 974 973 1649 0
 409 408 407 1727 0
 1137 1741 1418 1825 0
 1023 1104 1075 1823 0
 1138 1388 1610 1684 0
 943 944 945 1566 0
 188 145 317 1415 0
 128 127 806 1645 0
 301 1342 1739 1746 0
 1031 1097 1032 1648 0
 361 151 37 288 0
 371 800 662 1446 0
 371 936 106 1079 0
 803 878 884 1421 0
 158 1477 358 1736 0
 638 1521 1416 1768 0
 615 614 692 1738 0
 517 611 787 1616 0
 1034 81 928 1675 0
 266 353 146 1391 0
 679 25 262 686 0
 1233 1707 1686 1720 0
 731 703 1412 1642 0
 190 188 192 1646 0
 550 739 549 1607 0
 703 526 647 1642 0
 342 161 252 1683 0
 570 571 1354 1734 0
 100 932 1032 373 0
 781 618 110 924 0
 666 714 795 1411 0
 851 911 844 1510 0
 393 260 43 160 0
 361 755 587 1606 0
 1004 1006 1005 1530 0
 696 424 517 1735 0
 981 1052 1050 1729 0
 30 378 336 153 0
 897 1597 1581 1669 0
 871 887 877 1680 0
 260 333 160 1505 0
 1129 4 130 940 0
 82 681 379 1034 0
 1021 1594 1037 1804 0
 1051 1028 978 1527 0
 377 92 1093 659 0
 1199 1781 1468 1825 0
 827 826 824 1652 0
 77 1082 921 1662 0
 616 1409 615 1738 0
 187 296 10 882 0
 946 1545 1041 1754 0
 761 700 378 1410 0
 950 948 947 1669 0
 396 77 683 1662 0
 319 314 223 1571 0
 1200 1349 1673 1724 0
 110 618 770 1070 0
 233 266 327 1542 0
 1210 1597 1454 1725 0
 348 163 271 1496 0
 1050 1078 934 1558 0
 1218 1509 1715 1799 0
 1068 1497 961 1807 0
 1094 976 1068 1497 0
 846 845 1528 1597 0
 1490 1565 1209 1822 0
 65 599 306 162 0
 703 1642 647 1747 0
 1594 1631 1285 1804 0
 758 19 399 329 0
 77 396 1082 1662 0
 533 728 607 1550 0
 197 272 208 1570 0
 668 32 294 1679 0
 985 987 1022 1639 0
 313 273 315 1479 0
 702 686 764 1683 0
 993 1113 991 1435 0
 670 671 725 1513 0
 470 469 468 1765 0
 1389 1550 1543 1809 0
 143 240 11 812 0
 944 1046 945 1566 0
 254 237 155 1625 0
 1138 1609 1417 1784 0
 915 805 137 1012 0
 480 477 635 1671 0
 1113 1435 993 1794 0
 693 533 743 1422 0
 241 152 245 1636 0
 1181 1393 1542 1791 0
 1437 1578 1242 1744 0
 1085 1069 936 1446 0
 432 617 536 1509 0
 1073 929 1107 1512 0
 853 817 818 1450 0
 910 890 804 1415 0
 398 121 934 695 0
 212 214 186 1614 0
 1486 1255 1756 1812 0
 610 419 422 1665 0
 1412 1024 1774 1794 0
 1009 982 983 1431 0
 974 1008 970 1649 0
 355 158 51 1736 0
 253 280 167 1500 0
 774 67 741 1500 0
 680 102 738 1097 0
 624 799 626 1492 0
 278 275 162 1445 0
 808 947 881 1669 0
 860 1351 1588 1752 0
 1140 1657 1459 1798 0
 804 882 910 1790 0
 495 493 496 1596 0
 788 774 586 1625 0
 127 852 806 1645 0
 965 966 967 1628 0
 984 987 985 1639 0
 242 244 243 1541 0
 727 638 380 1416 0
 750 383 71 1441 0
 1353 1702 1198 1771 0
 959 1068 961 1807 0
 544 737 701 1580 0
 705 609 520 1502 0
 807 911 851 1601 0
 824 822 823 1655 0
 1115 1581 1010 1669 0
 984 986 1063 1600 0
 1024 1022 933 1774 0
 176 177 179 1572 0
 379 685 684 1675 0
 471 474 473 1647 0
 699 542 454 1677 0
 261 262 252 1706 0
 1457 1679 1205 1819 0
 332 217 221 1493 0
 905 1 124 148 0
 807 1405 1583 1601 0
 1297 1708 1405 1825 0
 570 571 374 1354 0
 567 453 630 1577 0
 701 523 482 1580 0
 130 920 900 1644 0
 25 342 262 686 0
 1368 1562 1220 1706 0
 895 899 850 1721 0
 892 953 133 919 0
 731 554 526 1642 0
 1157 1535 1806 1815 0
 372 740 96 1077 0
 709 601 398 1558 0
 863 141 893 1011 0
 983 946 1041 1754 0
 1052 982 1025 1729 0
 709 934 122 1078 0
 727 1627 798 1768 0
 380 565 742 1416 0
 555 444 625 1702 0
 1041 1545 1373 1754 0
 488 487 485 1664 0
 612 522 613 1805 0
 1077 935 97 1696 0
 1297 1405 1781 1825 0
 815 900 863 1366 0
 886 813 15 239 0
 1143 1407 1595 1730 0
 358 690 802 1477 0
 757 698 542 1749 0
 275 276 281 1793 0
 83 933 392 1114 0
 1210 1454 1597 1669 0
 174 172 209 1821 0
 799 1492 624 1717 0
 721 97 935 1696 0
 159 294 32 1679 0
 82 681 1034 1114 0
 754 151 38 587 0
 767 1060 94 923 0
 692 1537 746 1738 0
 34 308 368 730 0
 288 36 361 713 0
 1122 1060 1093 1485 0
 226 259 201 1536 0
 471 472 469 1647 0
 1140 1459 1620 1798 0
 788 329 155 1625 0
 720 648 628 1575 0
 689 91 659 1627 0
 1136 1637 1725 1731 0
 925 87 366 1108 0
 143 322 354 1498 0
 1209 1381 1810 1822 0
 890 842 883 1516 0
 307 324 265 1477 0
 72 750 71 1722 0
 358 1477 759 1736 0
 861 128 129 1781 0
 308 34 165 730 0
 779 502 515 1554 0
 1007 1006 1013 1767 0
 1243 1404 1658 1681 0
 808 897 1581 1669 0
 506 1550 607 1809 0
 166 316 56 1744 0
 172 171 173 1589 0
 367 26 342 161 0
 397 767 94 923 0
 563 562 519 1697 0
 994 1086 995 1602 0
 183 185 186 1689 0
 591 383 752 1704 0
 681 731 703 1412 0
 742 88 1066 1108 0
 809 953 133 892 0
 1079 1037 1096 1733 0
 571 1733 1354 1734 0
 1070 1015 924 1742 0
 634 553 755 1719 0
 622 371 106 1079 0
 515 1439 797 1808 0
 1219 1677 1420 1749 0
 533 506 532 1550 0
 1024 1023 1774 1794 0
 594 525 593 1590 0
 210 174 209 1433 0
 711 618 781 1494 0
 258 339 257 1819 0
 800 555 718 1702 0
 301 1739 268 1746 0
 884 285 12 803 0
 1207 1584 1516 1686 0
 525 403 593 1590 0
 1012 805 137 888 0
 320 2 67 167 0
 578 581 377 1485 0
 945 1046 975 1685 0
 248 178 176 1709 0
 456 455 457 1546 0
 806 852 819 1506 0
 846 897 845 1597 0
 305 228 304 1490 0
 651 595 597 1548 0
 1301 1725 1637 1731 0
 507 506 607 1809 0
 30 378 153 673 0
 789 152 364 1636 0
 1216 1615 1547 1687 0
 930 108 374 1127 0
 797 515 653 1439 0
 893 1115 808 1581 0
 1178 1666 1472 1691 0
 879 839 849 1533 0
 276 154 323 1475 0
 693 672 533 1422 0
 1180 1547 1615 1687 0
 1037 1021 1096 1594 0
 1510 1583 1168 1601 0
 785 558 717 1699 0
 856 840 869 1759 0
 689 1080 91 1627 0
 158 358 51 1736 0
 502 779 534 1554 0
 1094 1126 1008 1757 0
 536 535 432 1799 0
 615 616 434 1409 0
 91 937 659 1627 0
 481 637 479 1480 0
 1104 989 956 1823 0
 409 604 408 1727 0
 258 1720 330 1819 0
 582 768 583 1744 0
 1034 1675 1033 1794 0
 959 875 136 1068 0
 1009 1071 1026 1458 0
 557 513 558 1778 0
 905 124 874 1432 0
 531 511 510 1579 0
 757 1505 793 1749 0
 1073 1124 929 1512 0
 1192 1680 1428 1790 0
 1188 1693 1389 1809 0
 1089 1098 996 1605 0
 590 580 472 1553 0
 1115 1010 947 1669 0
 798 727 689 1627 0
 762 378 700 1410 0
 777 1092 74 927 0
 864 1581 897 1597 0
 1581 1597 1454 1669 0
 56 316 768 1744 0
 398 934 122 709 0
 331 246 282 1666 0
 273 208 272 1570 0
 605 601 385 1656 0
 126 810 852 1531 0
 655 772 62 154 0
 394 305 39 754 0
 850 912 908 1721 0
 1561 1576 1279 1779 0
 87 579 366 1108 0
 1077 97 372 1696 0
 455 452 454 1677 0
 324 1477 158 1736 0
 55 768 316 583 0
 276 1475 323 1793 0
 238 327 266 1542 0
 754 394 305 1490 0
 530 727 798 1768 0
 1128 1048 926 1518 0
 339 159 257 1457 0
 442 439 441 1569 0
 565 638 518 1521 0
 1043 1042 999 1726 0
 171 193 173 1589 0
 344 169 282 1666 0
 799 624 724 1717 0
 1138 1610 1408 1789 0
 844 907 880 1641 0
 799 724 676 1717 0
 947 1010 950 1669 0
 899 1471 850 1721 0
 809 856 857 1695 0
 946 982 981 1729 0
 561 656 732 1739 0
 918 893 141 1011 0
 1443 1714 1143 1786 0
 721 372 97 1696 0
 1226 1714 1443 1786 0
 919 954 956 1523 0
 1018 983 1103 1754 0
 427 426 428 1674 0
 894 862 864 1534 0
 781 376 711 1494 0
 389 663 726 1482 0
 577 575 521 1617 0
 918 1115 893 1581 0
 920 940 942 1644 0
 776 3 73 939 0
 1113 993 1033 1794 0
 1043 932 1100 1482 0
 1105 932 1043 1482 0
 429 427 428 1674 0
 711 787 535 1799 0
 88 742 579 1108 0
 334 152 789 1636 0
 692 691 746 1537 0
 788 399 329 1625 0
 789 583 334 1636 0
 679 801 764 1562 0
 174 170 172 1821 0
 691 298 52 654 0
 267 268 199 1746 0
 914 866 848 1803 0
 930 744 107 1733 0
 202 227 226 1788 0
 1499 1740 1170 1752 0
 392 681 83 1114 0
 1038 1010 918 1581 0
 635 475 514 1467 0
 577 521 632 1617 0
 365 801 679 1562 0
 980 1044 969 1737 0
 230 200 229 1556 0
 320 253 167 1500 0
 972 1002 1001 1817 0
 1035 994 1113 1761 0
 808 881 897 1669 0
 134 1067 953 809 0
 1070 1055 1015 1742 0
 927 74 777 710 0
 367 342 26 686 0
 1030 979 1029 1762 0
 864 897 846 1597 0
 986 1102 1065 1755 0
 737 368 688 1457 0
 399 586 585 1625 0
 816 129 817 1795 0
 624 626 446 1492 0
 1039 1107 1003 1711 0
 808 140 1115 893 0
 947 916 139 881 0
 467 465 468 1673 0
 1121 922 1031 1660 0
 1097 1031 922 1660 0
 1136 1715 1568 1764 0
 221 1706 252 1728 0
 757 793 698 1749 0
 808 947 139 881 0
 157 391 59 656 0
 923 1059 1076 1504 0
 302 352 60 1739 0
 391 751 574 1633 0
 872 124 904 1472 0
 1115 947 139 808 0
 1102 1030 1065 1755 0
 196 180 177 1710 0
 865 807 861 1583 0
 477 478 476 1820 0
 994 1035 1110 1761 0
 91 1080 937 1627 0
 893 140 1115 918 0
 792 566 567 1577 0
 229 195 346 1718 0
 68 69 386 1705 0
 384 596 595 1793 0
 415 417 418 1630 0
 475 474 514 1467 0
 169 904 5 357 0
 123 776 1078 939 0
 134 917 1067 898 0
 477 475 635 1820 0
 879 849 803 1382 0
 565 380 638 1416 0
 562 563 394 1490 0
 447 446 626 1816 0
 456 458 538 1651 0
 770 588 374 1742 0
 573 584 531 1732 0
 485 484 483 1552 0
 637 518 638 1521 0
 285 144 12 803 0
 782 539 661 1514 0
 980 1045 1044 1737 0
 463 466 706 1724 0
 1520 1806 1306 1815 0
 1304 1728 1538 1792 0
 1229 1617 1553 1758 0
 1098 1089 964 1605 0
 680 630 745 1648 0
 8 883 181 295 0
 307 158 324 1477 0
 251 221 252 1728 0
 108 374 744 930 0
 782 610 539 1514 0
 207 255 206 1773 0
 3 73 1092 777 0
 287 256 288 1782 0
 130 900 815 1644 0
 416 561 608 1635 0
 891 848 902 1803 0
 905 886 16 284 0
 566 453 567 1577 0
 606 598 524 1763 0
 364 691 692 1537 0
 837 880 834 1723 0
 644 488 640 1424 0
 533 532 743 1659 0
 350 256 255 1773 0
 528 733 621 1796 0
 545 702 498 1753 0
 570 448 571 1734 0
 398 601 749 1558 0
 543 799 676 1717 0
 239 813 15 146 0
 517 425 611 1616 0
 623 624 1492 1661 0
 165 35 321 730 0
 709 123 776 1078 0
 1576 1599 1133 1779 0
 1218 1715 1464 1827 0
 490 643 642 1743 0
 744 622 107 1733 0
 919 956 988 1523 0
 1064 925 1063 1563 0
 900 130 4 920 0
 181 183 295 1584 0
 70 591 69 1704 0
 517 424 425 1616 0
 257 159 308 1457 0
 186 185 212 1689 0
 245 286 234 1578 0
 1313 1802 1750 1818 0
 345 236 322 1560 0
 355 51 654 1736 0
 142 863 900 1056 0
 544 701 482 1580 0
 727 530 529 1768 0
 722 789 364 1636 0
 1464 1715 1136 1827 0
 143 354 240 1498 0
 718 555 625 1702 0
 759 358 802 1477 0
 860 859 858 1588 0
 323 772 63 1793 0
 702 520 498 1753 0
 697 516 440 1559 0
 904 124 1 357 0
 843 844 837 1613 0
 654 759 704 1736 0
 301 268 267 1746 0
 183 224 295 1686 0
 791 739 396 1662 0
 283 324 158 1736 0
 352 656 60 1739 0
 563 633 708 1697 0
 713 321 35 730 0
 616 615 692 1738 0
 579 735 366 1563 0
 221 217 219 1493 0
 207 326 258 1720 0
 595 651 525 1548 0
 632 472 580 1553 0
 249 265 324 1770 0
 775 685 379 1675 0
 258 330 293 1819 0
 154 276 356 1475 0
 731 526 703 1642 0
 214 212 291 1614 0
 1338 1681 1654 1777 0
 727 529 638 1768 0
 301 302 268 1739 0
 466 463 465 1724 0
 553 470 519 1719 0
 1069 1036 1037 1804 0
 421 522 612 1805 0
 1095 926 1048 1518 0
 281 323 63 1793 0
 941 1129 131 901 0
 967 1118 965 1628 0
 304 337 305 1490 0
 642 643 714 1743 0
 674 761 673 1663 0
 624 446 623 1492 0
 788 329 18 155 0
 528 555 733 1796 0
 778 167 66 306 0
 181 182 183 1584 0
 361 713 559 1606 0
 1024 1034 1033 1794 0
 626 451 447 1816 0
 254 155 329 1625 0
 784 547 752 1567 0
 836 846 845 1528 0
 370 794 707 1518 0
 1021 1016 1096 1594 0
 921 78 77 683 0
 302 60 360 1739 0
 360 656 561 1739 0
 311 351 161 1513 0
 156 262 261 1562 0
 751 375 574 1633 0
 330 258 326 1720 0
 930 107 1079 1733 0
 367 671 670 1513 0
 660 387 717 1512 0
 960 961 962 1807 0
 422 419 421 1665 0
 696 517 763 1735 0
 331 282 169 1666 0
 221 341 261 1706 0
 890 870 842 1516 0
 243 298 152 1537 0
 925 1064 1108 1563 0
 1080 1029 937 1627 0
 1119 970 1008 1712 0
 70 383 591 1704 0
 723 564 783 1496 0
 142 863 1056 1011 0
 504 505 503 1624 0
 988 1116 1072 1465 0
 373 745 786 1648 0
 224 317 295 1686 0
 533 607 506 1550 0
 796 688 668 1679 0
 979 1027 1029 1762 0
 51 358 654 1736 0
 1138 1750 1802 1818 0
 16 905 284 148 0
 152 789 54 334 0
 1036 1021 1037 1804 0
 674 640 761 1663 0
 48 47 395 313 0
 1085 105 104 662 0
 489 487 488 1664 0
 1023 1024 993 1794 0
 66 599 778 306 0
 167 2 67 778 0
 622 1079 107 1733 0
 847 888 909 1766 0
 256 206 255 1773 0
 319 149 314 1571 0
 159 339 294 1679 0
 373 680 745 1648 0
 49 48 664 164 0
 68 386 741 1705 0
 659 798 689 1627 0
 654 358 759 1736 0
 712 515 678 1808 0
 928 1033 1034 1675 0
 576 721 780 1696 0
 1094 1117 1019 1757 0
 46 47 315 675 0
 388 103 104 1087 0
 370 748 794 1518 0
 668 32 31 294 0
 426 425 423 1632 0
 571 622 1733 1734 0
 784 548 547 1567 0
 475 476 473 1820 0
 364 789 54 152 0
 115 114 1081 359 0
 692 746 616 1738 0
 1082 1091 921 1662 0
 111 781 924 1106 0
 195 193 346 1718 0
 190 191 189 1650 0
 1019 999 1042 1726 0
 531 753 511 1579 0
 722 583 789 1636 0
 975 1046 1047 1685 0
 1068 976 961 1497 0
 205 228 270 1822 0
 519 633 563 1697 0
 1070 770 109 1127 0
 1084 86 85 687 0
 390 29 28 312 0
 756 686 702 1683 0
 334 245 152 1636 0
 332 251 303 1538 0
 1120 935 1077 1696 0
 599 66 65 306 0
 1054 1018 1103 1780 0
 920 142 900 1056 0
 381 78 79 1090 0
 736 524 598 1763 0
 972 1039 1003 1711 0
 46 45 363 150 0
 1002 1005 1038 1783 0
 684 80 81 928 0
 54 53 364 152 0
 553 634 470 1719 0
 680 738 567 1660 0
 23 24 156 365 0
 589 605 385 1656 0
 1088 113 112 657 0
 909 848 847 1766 0
 1054 992 1018 1780 0
 507 505 506 1809 0
 384 281 63 1793 0
 372 721 576 1696 0
 92 91 937 659 0
 557 556 513 1778 0
 754 562 394 1490 0
 1001 967 972 1817 0
 933 84 83 392 0
 571 621 622 1734 0
 80 79 1061 677 0
 1005 1099 1038 1783 0
 774 155 17 320 0
 860 826 829 1752 0
 843 850 899 1471 0
 671 545 646 1621 0
 603 782 717 1699 0
 384 63 772 1793 0
 379 81 82 1034 0
 27 26 367 161 0
 33 32 688 159 0
 24 25 262 679 0
 757 393 793 1505 0
 942 1041 946 1545 0
 581 590 716 1801 0
 762 796 668 1679 0
 360 60 656 1739 0
 1032 101 100 373 0
 930 1079 1096 1733 0
 344 216 300 1511 0
 43 44 260 393 0
 918 1010 1115 1581 0
 370 119 120 1095 0
 286 316 166 1744 0
 75 74 927 710 0
 889 913 814 1634 0
 324 244 249 1770 0
 961 960 959 1807 0
 774 2 67 320 0
 361 559 755 1606 0
 77 76 1082 396 0
 970 973 974 1649 0
 768 582 375 1744 0
 864 893 808 1581 0
 1104 956 1075 1823 0
 912 839 879 1533 0
 334 789 55 583 0
 660 115 116 929 0
 623 665 624 1661 0
 725 671 645 1621 0
 788 586 399 1625 0
 473 472 471 1647 0
 252 221 261 1706 0
 738 792 567 1660 0
 21 20 369 149 0
 256 287 279 1782 0
 760 581 716 1801 0
 283 158 355 1736 0
 276 323 281 1793 0
 158 50 51 358 0
 130 4 1129 901 0
 863 142 141 1011 0
 329 18 399 788 0
 227 333 226 1788 0
 284 886 16 239 0
 732 608 561 1635 0
 1024 1023 1022 1774 0
 558 603 717 1699 0
 534 703 647 1747 0
 37 38 151 587 0
 367 686 756 1683 0
 901 131 941 1072 0
 690 50 49 307 0
 1013 1006 1017 1767 0
 21 22 318 672 0
 122 123 709 1078 0
 864 808 897 1581 0
 455 454 542 1677 0
 981 982 1052 1729 0
 396 683 791 1662 0
 1008 1126 1119 1712 0
 12 240 285 884 0
 807 851 896 1601 0
 926 119 118 707 0
 111 781 1106 376 0
 532 705 743 1659 0
 248 340 178 1709 0
 302 60 61 360 0
 682 113 114 938 0
 770 618 588 1742 0
 155 17 788 774 0
 63 64 281 384 0
 534 775 703 1747 0
 389 98 99 1100 0
 41 42 328 362 0
 665 516 747 1661 0
 571 448 621 1734 0
 57 56 375 166 0
 240 12 11 884 0
 96 97 372 1077 0
 693 23 22 289 0
 37 36 361 288 0
 738 102 103 922 0
 535 536 711 1799 0
 781 110 111 924 0
 90 91 689 1080 0
 845 847 838 1638 0
 1053 121 120 695 0
 1094 1008 1117 1757 0
 776 123 3 939 0
 13 175 343 906 0
 914 848 891 1803 0
 788 18 17 155 0
 52 53 298 691 0
 187 10 9 882 0
 39 40 305 394 0
 993 1024 1033 1794 0
 932 100 99 663 0
 43 42 669 160 0
 729 117 118 1074 0
 858 857 856 1695 0
 374 109 770 1127 0
 116 117 387 1124 0
 911 807 865 1583 0
 622 106 107 1079 0
 301 352 302 1739 0
 62 61 655 154 0
 1126 1012 1119 1712 0
 1106 112 111 376 0
 671 646 645 1621 0
 515 797 678 1808 0
 886 15 16 239 0
 744 571 622 1733 0
 293 339 258 1819 0
 143 11 10 812 0
 983 1041 1103 1754 0
 516 665 623 1661 0
 805 137 136 915 0
 87 88 579 1108 0
 391 59 58 157 0
 165 34 35 730 0
 153 29 30 673 0
 58 57 751 309 0
 813 14 15 146 0
 931 90 89 380 0
 804 8 9 145 0
 908 895 850 1721 0
 311 27 28 670 0
 826 825 824 1652 0
 89 88 1066 742 0
 666 84 85 1083 0
 251 252 250 1728 0
 936 106 105 371 0
 1115 139 140 808 0
 94 93 1060 767 0
 56 55 768 316 0
 477 476 475 1820 0
 131 901 854 1072 0
 136 135 875 959 0
 774 17 2 320 0
 167 66 2 778 0
 308 33 34 368 0
 384 772 596 1793 0
 122 121 934 398 0
 141 140 893 918 0
 829 914 860 1752 0
 758 20 19 310 0
 109 110 770 1070 0
 7 6 147 814 0
 52 51 654 355 0
 19 18 399 329 0
 138 1057 1012 888 0
 108 109 374 1127 0
 97 98 721 935 0
 397 94 95 923 0
 1092 74 3 777 0
 352 59 60 656 0
 40 41 163 723 0
 95 96 740 1109 0
 228 348 270 1822 0
 45 44 667 325 0
 377 92 93 1093 0
 137 138 1012 888 0
 4 142 900 920 0
 680 101 102 1097 0
 162 64 65 765 0
 905 16 1 148 0
 76 75 1101 694 0
 35 36 321 713 0
 378 31 30 336 0
 62 63 323 772 0
 107 108 744 930 0
 916 138 139 881 0
 132 131 854 1072 0
 342 25 26 686 0
 789 55 54 334 0
 681 82 83 1114 0
 86 87 366 925 0
 1129 4 131 901 0
 1 5 904 357 0
 133 134 953 809 0
 917 134 135 898 0
 38 39 337 754 0
 133 132 892 919 0
 6 5 300 885 0
 144 13 12 803 0
 883 7 8 181 0
 14 13 343 906 0
 1711 1040 1512 1330 0
 1711 1512 1040 1039 0
 1237 1558 541 1291 0
 541 552 1237 1291 0
 1758 1139 1229 1430 0
 1758 1229 1139 1292 0
 1772 1229 1139 1430 0
 1772 1139 1229 1292 0
 1707 1399 1688 1135 0
 1477 664 747 1396 0
 1477 747 664 690 0
 1292 1619 1384 1139 0
 1384 1619 1292 1214 0
 1669 1374 950 948 0
 1669 950 1374 1210 0
 1518 1558 1047 1053 0
 1047 1558 1518 1237 0
 1443 1484 1417 1418 0
 1417 1484 1443 1226 0
 1451 1040 1128 1049 0
 1451 1128 1040 1330 0
 1777 1769 1561 1141 0
 1777 1561 1769 1576 0
 1563 1755 1066 1213 0
 1066 1755 1563 1064 0
 1512 1040 1074 1330 0
 1512 1074 1040 1073 0
 1554 1456 502 1221 0
 1554 502 1456 500 0
 1623 1637 1301 1528 0
 1301 1637 1623 1179 0
 1474 1768 1159 1384 0
 1159 1768 1474 1274 0
 1404 1658 1652 1243 0
 1404 1652 1658 1258 0
 1169 1652 1658 1243 0
 1169 1658 1652 1258 0
 1684 1389 1543 1188 0
 1684 1543 1389 1158 0
 1645 1730 1531 1247 0
 1531 1730 1645 1263 0
 1497 805 875 1068 0
 1497 875 805 902 0
 1775 1694 1444 1134 0
 1775 1444 1694 1294 0
 1511 1495 1634 873 0
 1511 1634 1495 1193 0
 1709 1533 238 1382 0
 1709 238 1533 1542 0
 1726 1203 1105 1482 0
 1726 1105 1203 1328 0
 868 1748 1498 1249 0
 1498 1748 868 1449 0
 1797 614 1674 1276 0
 1797 1674 614 1437 0
 1441 1417 1267 1206 0
 1441 1267 1417 1155 0
 909 1327 1012 805 0
 909 1012 1327 1766 0
 1569 1198 1796 1387 0
 1569 1796 1198 1447 0
 1541 1738 1537 1224 0
 1537 1738 1541 1252 0
 1690 1163 1631 1374 0
 1690 1631 1163 1287 0
 1512 359 661 660 0
 1512 661 359 1378 0
 1563 565 551 1213 0
 1563 551 565 579 0
 1457 255 165 257 0
 1457 165 255 1358 0
 1772 1762 1474 1212 0
 1772 1474 1762 1266 0
 1558 552 541 749 0
 1558 541 552 1237 0
 362 160 42 328 0
 362 42 160 669 0
 1451 971 1040 1049 0
 1451 1040 971 1359 0
 1563 742 1108 579 0
 1563 1108 742 1066 0
 1693 1607 512 649 0
 1693 512 1607 1262 0
 1502 501 499 1456 0
 1502 499 501 609 0
 1771 1362 1353 1148 0
 1771 1353 1362 1667 0
 1676 1353 1362 1148 0
 1676 1362 1353 1667 0
 1664 486 1507 487 0
 1664 1507 486 1333 0
 479 1820 478 477 0
 478 1820 479 1384 0
 1711 1062 1530 1378 0
 1711 1530 1062 1003 0
 1336 1776 1552 1244 0
 1552 1776 1336 1194 0
 1513 215 312 351 0
 1513 312 215 1329 0
 1735 658 1289 517 0
 1735 1289 658 1346 0
 1382 1533 906 879 0
 1693 1158 1579 1262 0
 1693 1579 1158 1389 0
 1621 1424 1526 645 0
 1621 1526 1424 1275 0
 1691 169 904 1511 0
 1691 904 169 1472 0
 694 927 75 1101 0
 694 75 927 710 0
 1710 1249 1535 1421 0
 673 312 29 390 0
 29 312 673 153 0
 1561 1777 1442 1279 0
 1442 1777 1561 1141 0
 869 1695 1404 858 0
 1404 1695 869 1338 0
 1426 1521 1333 1159 0
 1333 1521 1426 1213 0
 1535 1643 1710 1281 0
 1710 1643 1535 1249 0
 1498 347 236 354 0
 1498 236 347 1249 0
 610 1699 782 603 0
 782 1699 610 1514 0
 1651 630 629 1305 0
 1651 629 630 538 0
 1660 1044 1031 1121 0
 1660 1031 1044 1343 0
 1467 636 635 1296 0
 1467 635 636 514 0
 1801 578 580 1229 0
 1801 580 578 581 0
 925 687 1563 366 0
 1563 687 925 1084 0
 1167 1826 1307 1253 0
 1307 1826 1167 1592 0
 1692 1569 1813 1241 0
 1692 1813 1569 1211 0
 1447 623 441 443 0
 1447 441 623 1241 0
 1380 1612 1398 1211 0
 1398 1612 1380 1232 0
 1559 438 540 1356 0
 1559 540 438 440 0
 1423 218 1493 219 0
 1423 1493 218 1286 0
 1668 1171 1278 1357 0
 1668 1278 1171 1503 0
 1782 151 288 287 0
 1782 288 151 1606 0
 1590 405 403 1487 0
 1590 403 405 525 0
 1778 413 412 513 0
 1778 412 413 1519 0
 1686 330 186 224 0
 1686 186 330 1369 0
 1726 1105 1043 1482 0
 1726 1043 1105 999 0
 326 1646 207 192 0
 207 1646 326 1720 0
 1590 1529 1714 1231 0
 1590 1714 1529 1172 0
 1476 462 715 1350 0
 1476 715 462 631 0
 1823 988 1234 989 0
 1823 1234 988 1523 0
 1341 1771 1440 1282 0
 1440 1771 1341 1148 0
 313 664 1396 395 0
 313 1396 664 164 0
 1656 600 1722 1331 0
 1656 1722 600 385 0
 1549 1688 1707 1399 0
 1707 1688 1549 1233 0
 1590 599 594 1445 0
 1590 594 599 593 0
 312 670 28 390 0
 312 28 670 311 0
 1172 1239 1340 1469 0
 1340 1239 1172 1548 0
 1818 1373 1754 1204 0
 1818 1754 1373 1248 0
 1462 1626 1332 1436 0
 1332 1626 1462 1153 0
 406 1656 541 605 0
 541 1656 406 1291 0
 194 1589 1700 173 0
 1700 1589 194 1278 0
 1447 441 442 443 0
 1447 442 441 1569 0
 1796 620 442 1387 0
 1796 442 620 528 0
 1709 238 327 178 0
 1709 327 238 1542 0
 1763 561 1236 736 0
 1763 1236 561 1635 0
 1739 1236 561 736 0
 1739 561 1236 1635 0
 1409 1252 704 1356 0
 1409 704 1252 1738 0
 687 1083 1411 666 0
 687 1411 1083 1084 0
 650 1439 1808 797 0
 1808 1439 650 1367 0
 1498 236 322 354 0
 1498 322 236 1560 0
 881 1057 138 888 0
 881 138 1057 916 0
 1696 1100 1043 935 0
 1696 1043 1100 1482 0
 1479 297 1570 1396 0
 1479 1570 297 273 0
 1613 839 837 843 0
 1613 837 839 1326 0
 1775 1758 1294 1185 0
 1775 1294 1758 1444 0
 730 308 1457 165 0
 730 1457 308 368 0
 1822 1273 1810 1496 0
 1822 1810 1273 1381 0
 478 1801 530 716 0
 530 1801 478 1384 0
 1741 1484 1237 1137 0
 1741 1237 1484 1265 0
 541 1727 406 408 0
 406 1727 541 1291 0
 1770 248 1572 1280 0
 1770 1572 248 249 0
 1074 387 117 1124 0
 1074 117 387 729 0
 795 1412 1642 731 0
 1642 1412 795 1411 0
 1642 554 795 731 0
 795 554 1642 1411 0
 1689 182 183 185 0
 1689 183 182 1584 0
 1777 1585 1438 1183 0
 1777 1438 1585 1279 0
 723 328 1496 362 0
 723 1496 328 163 0
 1534 1812 1486 1187 0
 1486 1812 1534 1255 0
 1100 721 1696 389 0
 1100 1696 721 935 0
 1789 1367 1607 1610 0
 1789 1607 1367 1228 0
 1488 1658 1399 1135 0
 1399 1658 1488 1243 0
 1589 284 1432 171 0
 1589 1432 284 1394 0
 1778 794 1383 1518 0
 1778 1383 794 556 0
 748 1383 794 1518 0
 748 794 1383 556 0
 1724 462 1522 1350 0
 1724 1522 462 463 0
 1572 264 1710 179 0
 1572 1710 264 1360 0
 180 1710 264 179 0
 1575 627 460 628 0
 1575 460 627 1420 0
 1663 644 645 674 0
 1663 645 644 1424 0
 1746 200 199 267 0
 1746 199 200 1357 0
 1798 1372 1166 1629 0
 1798 1166 1372 1459 0
 1510 1756 1682 1255 0
 1682 1756 1510 1250 0
 603 1371 558 602 0
 558 1371 603 1699 0
 1700 277 194 203 0
 1700 194 277 1544 0
 1611 1682 1250 1131 0
 1250 1682 1611 1348 0
 1250 1370 1611 1131 0
 1611 1370 1250 1348 0
 1746 1635 1739 1236 0
 1746 1739 1635 1342 0
 1627 380 727 689 0
 1627 727 380 1416 0
 1818 1468 1802 1248 0
 1818 1802 1468 1313 0
 1182 1802 1468 1248 0
 1182 1468 1802 1313 0
 1779 1596 1604 1177 0
 1779 1604 1596 1269 0
 873 1691 913 1511 0
 873 913 1691 872 0
 885 913 1691 1511 0
 885 1691 913 872 0
 325 393 1505 260 0
 1505 393 325 667 0
 1498 296 812 143 0
 1498 812 296 1428 0
 1634 883 181 814 0
 1634 181 883 1584 0
 1669 916 948 947 0
 1669 948 916 1386 0
 154 360 1475 302 0
 1475 360 154 655 0
 886 1721 874 908 0
 874 1721 886 1394 0
 1816 543 1717 626 0
 1816 1717 543 1300 0
 1106 657 1346 1088 0
 1346 657 1106 376 0
 758 329 1625 310 0
 1625 329 758 399 0
 1568 1731 1637 1136 0
 1637 1731 1568 1264 0
 1637 1380 1568 1136 0
 1568 1380 1637 1264 0
 1307 1721 1592 1394 0
 1307 1592 1721 895 0
 874 1592 1721 1394 0
 874 1721 1592 895 0
 1601 1708 1583 1168 0
 1583 1708 1601 1405 0
 1800 1779 1604 1133 0
 1800 1604 1779 1269 0
 1724 467 465 466 0
 1724 465 467 1673 0
 1666 269 169 331 0
 1666 169 269 1472 0
 1807 1068 875 959 0
 1807 875 1068 1497 0
 1803 909 1766 848 0
 1803 1766 909 1327 0
 1284 1141 1777 1654 0
 1777 1141 1284 1769 0
 1777 1186 1284 1654 0
 1284 1186 1777 1769 0
 1771 1631 1446 1198 0
 1771 1446 1631 1282 0
 1412 1794 1114 1024 0
 1412 1114 1794 1675 0
 1034 1114 1794 1024 0
 1034 1794 1114 1675 0
 1739 391 732 1342 0
 1739 732 391 656 0
 368 159 33 688 0
 368 33 159 308 0
 1766 838 1638 1401 0
 1766 1638 838 847 0
 1744 245 286 316 0
 1744 286 245 1578 0
 1704 71 589 70 0
 1704 589 71 1441 0
 162 384 64 765 0
 64 384 162 281 0
 1377 1794 1035 1033 0
 1377 1035 1794 1435 0
 1113 1035 1794 1033 0
 1113 1794 1035 1435 0
 885 169 5 300 0
 5 169 885 904 0
 1790 871 887 910 0
 1790 887 871 1680 0
 1792 1751 1275 1299 0
 1792 1275 1751 1142 0
 1080 380 1627 689 0
 1080 1627 380 931 0
 671 1683 367 756 0
 367 1683 671 1513 0
 56 1744 375 166 0
 375 1744 56 768 0
 175 1533 906 1382 0
 175 906 1533 343 0
 1710 264 208 180 0
 1710 208 264 1360 0
 End
